Date,Crude_Oil_Price_USD,USD_INR,Demand_Index,Tax_Rate,Petrol_Price_INR
2017-01-01,79.97,71.41,75,54,148.88
2017-01-02,73.62,73.91,62,46,140.48
2017-01-03,81.48,74.05,57,47,141.0
2017-01-04,90.23,75.42,54,46,147.88
2017-01-05,72.66,69.9,93,47,137.01
2017-01-06,72.66,75.78,62,52,143.79
2017-01-07,90.79,65.89,78,50,150.59
2017-01-08,82.67,72.11,69,51,143.69
2017-01-09,70.31,72.54,63,54,137.49
2017-01-10,80.43,75.9,81,54,152.11
2017-01-11,70.37,74.07,99,50,146.58
2017-01-12,70.34,69.78,76,45,134.65
2017-01-13,77.42,71.05,74,47,139.96
2017-01-14,55.87,74.6,53,45,124.69
2017-01-15,57.75,73.76,70,54,134.56
2017-01-16,69.38,72.26,67,53,140.51
2017-01-17,64.87,72.56,88,53,140.97
2017-01-18,78.14,76.09,64,49,144.77
2017-01-19,65.92,72.45,87,48,135.39
2017-01-20,60.88,73.74,97,53,143.15
2017-01-21,89.66,80.51,73,53,159.2
2017-01-22,72.74,69.73,57,47,133.46
2017-01-23,75.68,68.44,77,49,140.57
2017-01-24,60.75,76.35,70,47,133.34
2017-01-25,69.56,71.96,65,54,138.47
2017-01-26,76.11,73.05,65,46,140.32
2017-01-27,63.49,71.66,84,45,133.36
2017-01-28,78.76,73.22,66,54,142.74
2017-01-29,68.99,78.8,58,46,135.42
2017-01-30,72.08,76.41,84,52,148.07
2017-01-31,68.98,76.59,78,52,144.2
2017-02-01,93.52,69.75,88,47,152.88
2017-02-02,74.87,70.55,67,51,137.93
2017-02-03,64.42,65.48,61,51,128.7
2017-02-04,83.23,71.57,68,46,142.99
2017-02-05,62.79,76.87,97,53,143.87
2017-02-06,77.09,75.55,71,47,144.24
2017-02-07,55.4,73.34,98,46,135.1
2017-02-08,61.72,73.93,64,47,135.98
2017-02-09,76.97,71.93,50,46,137.86
2017-02-10,82.38,74.61,51,52,147.04
2017-02-11,76.71,76.3,57,49,145.18
2017-02-12,73.84,69.15,71,47,135.8
2017-02-13,71.99,74.9,74,49,141.77
2017-02-14,60.21,76.8,51,52,131.96
2017-02-15,67.8,72.75,58,51,134.62
2017-02-16,70.39,76.1,58,50,138.86
2017-02-17,85.57,82.44,62,45,150.79
2017-02-18,78.44,73.69,55,54,144.46
2017-02-19,57.37,75.18,79,45,133.73
2017-02-20,78.24,71.79,64,45,137.06
2017-02-21,71.15,74.54,64,54,141.5
2017-02-22,68.23,75.38,99,52,146.44
2017-02-23,81.12,74.58,56,52,142.59
2017-02-24,85.31,70.94,60,51,143.91
2017-02-25,84.31,74.62,89,50,154.83
2017-02-26,66.61,78.39,87,48,145.8
2017-02-27,71.91,75.35,89,45,140.46
2017-02-28,78.31,76.89,51,53,146.14
2017-03-01,84.76,73.29,97,45,148.44
2017-03-02,70.21,76.25,88,48,143.92
2017-03-03,73.14,74.84,59,47,138.86
2017-03-04,63.94,71.15,93,51,140.89
2017-03-05,63.04,74.96,66,49,135.14
2017-03-06,83.13,71.02,56,49,140.37
2017-03-07,88.56,72.1,89,48,150.25
2017-03-08,74.28,74.57,88,45,144.66
2017-03-09,85.04,74.89,53,49,144.77
2017-03-10,78.62,70.43,84,48,143.5
2017-03-11,68.55,77.16,96,54,151.0
2017-03-12,78.61,75.72,85,52,151.61
2017-03-13,90.38,71.89,80,46,153.91
2017-03-14,74.64,69.39,74,52,139.06
2017-03-15,90.65,73.57,90,45,152.32
2017-03-16,48.8,72.66,62,48,124.18
2017-03-17,83.22,74.34,67,47,149.94
2017-03-18,75.87,72.91,70,49,140.76
2017-03-19,72.01,67.98,97,49,141.56
2017-03-20,75.92,72.83,50,49,140.96
2017-03-21,55.12,73.08,85,48,132.64
2017-03-22,72.8,75.9,99,52,152.24
2017-03-23,78.57,71.91,57,47,143.48
2017-03-24,89.78,79.04,97,48,161.09
2017-03-25,69.82,68.27,70,45,133.92
2017-03-26,66.92,77.93,92,51,147.88
2017-03-27,69.98,73.33,70,45,135.34
2017-03-28,84.15,76.58,76,46,146.99
2017-03-29,78.29,74.24,68,51,145.78
2017-03-30,69.7,77.42,72,45,139.41
2017-03-31,80.13,72.84,99,47,151.76
2017-04-01,75.97,70.7,92,50,146.17
2017-04-02,84.69,78.26,84,50,157.29
2017-04-03,67.98,73.66,89,50,140.11
2017-04-04,71.72,74.66,91,46,145.97
2017-04-05,71.08,77.7,97,46,142.61
2017-04-06,60.36,70.9,54,50,126.5
2017-04-07,77.96,75.79,90,54,153.67
2017-04-08,77.61,72.23,57,49,139.25
2017-04-09,75.05,73.6,60,51,140.6
2017-04-10,72.65,74.22,65,51,141.68
2017-04-11,60.85,69.5,88,49,137.05
2017-04-12,70.79,71.66,96,52,141.16
2017-04-13,71.57,78.05,73,54,149.48
2017-04-14,66.98,76.66,70,50,143.13
2017-04-15,73.39,73.81,72,49,140.97
2017-04-16,79.04,74.73,98,48,149.42
2017-04-17,93.86,73.12,87,51,157.47
2017-04-18,76.75,78.07,96,48,150.27
2017-04-19,77.58,73.4,57,49,141.85
2017-04-20,74.26,74.7,56,49,140.96
2017-04-21,55.81,77.44,51,45,125.03
2017-04-22,74.73,71.67,79,45,138.63
2017-04-23,75.6,78.68,62,47,141.83
2017-04-24,99.63,69.41,72,47,153.64
2017-04-25,73.08,78.89,78,46,147.3
2017-04-26,78.02,72.88,87,46,143.37
2017-04-27,74.65,73.27,86,50,147.34
2017-04-28,63.31,68.33,69,45,127.1
2017-04-29,86.43,72.64,82,50,152.8
2017-04-30,82.52,70.88,78,49,145.75
2017-05-01,82.91,72.18,99,50,151.4
2017-05-02,65.91,73.59,64,49,138.0
2017-05-03,89.03,76.87,72,51,158.39
2017-05-04,60.98,74.62,91,45,133.1
2017-05-05,80.87,74.92,52,47,143.56
2017-05-06,96.9,70.71,86,50,157.27
2017-05-07,65.09,71.36,78,45,135.56
2017-05-08,69.34,79.4,94,51,146.54
2017-05-09,76.0,71.79,57,48,136.26
2017-05-10,69.97,78.97,71,47,141.51
2017-05-11,59.49,73.27,78,54,137.34
2017-05-12,75.69,74.01,51,53,139.85
2017-05-13,64.38,77.21,90,45,140.25
2017-05-14,79.74,77.82,98,52,157.36
2017-05-15,65.81,73.67,99,45,144.82
2017-05-16,90.5,72.84,94,49,157.39
2017-05-17,67.17,73.83,50,54,138.09
2017-05-18,71.78,75.01,93,52,147.32
2017-05-19,83.14,76.67,69,50,148.24
2017-05-20,62.69,74.01,70,51,135.67
2017-05-21,77.27,75.86,86,52,150.13
2017-05-22,88.07,78.92,57,50,150.05
2017-05-23,58.93,75.14,76,50,137.3
2017-05-24,76.85,74.93,96,50,153.29
2017-05-25,77.6,69.44,84,49,143.66
2017-05-26,82.82,66.11,55,52,141.75
2017-05-27,62.63,75.17,94,46,141.93
2017-05-28,61.8,73.72,93,51,138.08
2017-05-29,80.22,72.46,68,48,140.22
2017-05-30,77.97,74.73,67,45,141.47
2017-05-31,77.5,73.82,50,49,140.25
2017-06-01,78.46,77.38,74,47,144.89
2017-06-02,68.2,74.26,76,48,142.37
2017-06-03,77.32,71.76,56,51,144.4
2017-06-04,77.93,76.97,93,49,151.79
2017-06-05,67.86,73.35,91,48,139.63
2017-06-06,93.66,75.58,78,45,155.73
2017-06-07,79.74,72.57,80,50,144.93
2017-06-08,63.09,72.05,93,54,143.38
2017-06-09,81.57,74.25,92,50,151.28
2017-06-10,65.25,74.04,85,51,142.34
2017-06-11,82.87,75.44,68,45,147.98
2017-06-12,86.59,73.19,55,48,146.58
2017-06-13,66.79,68.49,74,53,139.74
2017-06-14,84.63,72.7,80,54,152.3
2017-06-15,79.13,76.38,58,50,144.18
2017-06-16,83.22,73.11,69,46,141.01
2017-06-17,93.97,73.26,59,48,146.22
2017-06-18,72.55,76.96,86,50,148.6
2017-06-19,67.46,71.86,76,48,136.8
2017-06-20,66.1,69.37,62,54,132.93
2017-06-21,66.84,73.52,90,51,140.19
2017-06-22,74.23,72.55,51,47,137.76
2017-06-23,78.41,71.1,99,50,146.76
2017-06-24,77.77,73.47,70,48,146.7
2017-06-25,83.27,75.47,82,47,154.94
2017-06-26,75.13,73.97,73,47,140.56
2017-06-27,89.54,74.92,93,46,156.6
2017-06-28,72.35,79.44,91,47,149.54
2017-06-29,102.2,72.97,83,54,161.32
2017-06-30,81.26,74.84,58,45,140.76
2017-07-01,66.43,72.47,51,47,131.29
2017-07-02,64.29,71.46,79,53,135.77
2017-07-03,79.82,72.25,71,48,146.07
2017-07-04,72.77,72.56,95,47,143.72
2017-07-05,82.14,75.08,60,52,145.11
2017-07-06,79.73,81.05,92,45,153.4
2017-07-07,74.27,71.85,66,49,140.68
2017-07-08,66.53,72.75,85,45,136.17
2017-07-09,59.85,73.81,62,51,128.87
2017-07-10,70.53,75.19,56,49,138.42
2017-07-11,83.56,74.79,65,46,143.54
2017-07-12,77.14,77.85,82,45,145.88
2017-07-13,62.54,66.72,94,51,136.14
2017-07-14,76.73,66.84,50,45,130.83
2017-07-15,78.85,72.51,60,47,140.54
2017-07-16,66.16,77.29,55,50,140.44
2017-07-17,76.54,69.3,69,50,139.46
2017-07-18,75.58,64.98,84,51,143.67
2017-07-19,63.57,75.71,93,45,141.29
2017-07-20,78.58,74.73,86,51,147.77
2017-07-21,80.61,70.73,90,46,145.0
2017-07-22,85.83,71.04,75,50,145.81
2017-07-23,85.54,71.09,61,52,147.67
2017-07-24,61.22,74.33,79,49,139.15
2017-07-25,65.62,72.12,77,54,138.75
2017-07-26,80.15,75.48,76,47,143.45
2017-07-27,80.14,65.44,91,52,145.35
2017-07-28,80.15,71.43,68,52,143.11
2017-07-29,113.53,70.62,54,48,157.99
2017-07-30,80.71,73.23,54,52,144.43
2017-07-31,86.36,72.39,90,49,154.69
2017-08-01,84.54,76.39,76,49,153.02
2017-08-02,81.51,68.42,77,47,143.4
2017-08-03,71.85,74.14,75,51,142.6
2017-08-04,82.59,75.68,76,53,149.15
2017-08-05,67.27,79.57,98,53,150.81
2017-08-06,72.63,72.55,91,45,143.76
2017-08-07,70.15,74.97,70,45,137.38
2017-08-08,75.82,68.59,50,54,136.63
2017-08-09,98.15,66.82,77,49,154.47
2017-08-10,56.33,76.53,97,45,136.14
2017-08-11,81.86,73.98,64,48,144.56
2017-08-12,58.87,77.54,66,45,132.88
2017-08-13,70.28,69.88,75,46,137.4
2017-08-14,85.89,75.56,69,46,149.37
2017-08-15,75.64,79.61,74,48,148.31
2017-08-16,64.22,75.26,62,52,140.18
2017-08-17,67.85,74.83,82,46,139.15
2017-08-18,81.8,74.03,74,53,147.7
2017-08-19,67.7,69.29,57,53,135.99
2017-08-20,77.16,78.07,54,46,143.01
2017-08-21,75.46,72.17,55,45,135.33
2017-08-22,68.48,75.51,72,54,142.18
2017-08-23,96.44,69.31,79,54,153.56
2017-08-24,81.34,70.46,63,53,144.74
2017-08-25,54.75,78.31,72,46,129.97
2017-08-26,76.86,72.96,60,52,143.85
2017-08-27,68.38,78.36,80,47,142.17
2017-08-28,83.52,73.77,55,45,139.84
2017-08-29,67.07,68.47,60,45,131.72
2017-08-30,73.85,76.68,62,54,149.57
2017-08-31,80.05,72.23,61,46,141.89
2017-09-01,83.66,76.1,51,51,146.2
2017-09-02,63.0,74.08,84,50,136.94
2017-09-03,71.65,69.37,85,46,139.01
2017-09-04,70.25,74.49,66,48,140.22
2017-09-05,68.47,80.59,77,46,143.96
2017-09-06,92.65,75.48,77,45,155.67
2017-09-07,79.05,73.83,71,47,147.22
2017-09-08,62.39,77.23,87,48,138.1
2017-09-09,84.18,74.63,56,54,149.0
2017-09-10,96.22,74.63,64,49,150.93
2017-09-11,85.32,70.73,81,49,146.85
2017-09-12,59.81,74.7,60,51,134.58
2017-09-13,70.16,77.11,73,54,145.29
2017-09-14,87.67,71.49,52,52,142.97
2017-09-15,67.92,78.27,79,53,147.77
2017-09-16,79.44,73.72,55,51,142.06
2017-09-17,82.75,71.34,51,49,143.12
2017-09-18,65.73,76.99,63,53,141.16
2017-09-19,74.4,73.14,90,52,145.49
2017-09-20,42.59,76.28,67,54,128.71
2017-09-21,64.76,73.12,93,53,143.09
2017-09-22,72.47,73.82,80,54,145.89
2017-09-23,62.52,75.48,62,52,135.36
2017-09-24,91.32,74.87,75,50,152.49
2017-09-25,60.7,68.01,93,48,132.59
2017-09-26,70.6,70.64,61,53,136.69
2017-09-27,76.31,76.79,67,53,148.82
2017-09-28,89.41,73.6,58,54,147.83
2017-09-29,60.64,72.43,98,54,143.87
2017-09-30,86.63,69.92,70,53,151.47
2017-10-01,75.1,70.76,97,54,146.79
2017-10-02,65.18,67.93,98,47,139.36
2017-10-03,79.62,73.7,89,47,146.02
2017-10-04,76.99,72.2,92,50,149.61
2017-10-05,69.0,71.1,73,50,136.24
2017-10-06,75.7,73.8,83,50,148.12
2017-10-07,71.15,75.09,57,49,135.79
2017-10-08,76.14,80.28,93,49,155.17
2017-10-09,81.62,69.46,82,46,146.52
2017-10-10,90.86,77.48,72,51,153.46
2017-10-11,62.62,76.92,62,48,139.02
2017-10-12,96.33,71.66,98,47,160.27
2017-10-13,55.48,74.61,63,52,127.58
2017-10-14,73.48,72.63,63,48,137.81
2017-10-15,80.88,74.56,65,48,147.25
2017-10-16,77.81,78.53,98,52,156.55
2017-10-17,68.77,75.82,87,45,142.04
2017-10-18,72.92,75.53,88,53,150.13
2017-10-19,70.07,72.71,75,51,138.96
2017-10-20,69.11,69.55,75,46,135.2
2017-10-21,83.5,73.37,50,50,142.11
2017-10-22,78.57,77.62,81,52,151.71
2017-10-23,68.07,69.42,64,49,135.68
2017-10-24,84.0,70.83,70,50,147.63
2017-10-25,78.07,74.38,67,54,147.19
2017-10-26,83.13,71.05,79,52,150.49
2017-10-27,81.3,71.62,62,50,145.65
2017-10-28,66.71,72.73,73,53,142.9
2017-10-29,69.4,69.9,79,53,142.2
2017-10-30,82.47,71.08,51,53,144.36
2017-10-31,81.1,76.11,68,50,150.02
2017-11-01,74.79,70.08,96,53,147.12
2017-11-02,76.17,69.21,93,47,142.61
2017-11-03,87.78,72.11,96,49,155.79
2017-11-04,69.08,76.2,74,46,141.72
2017-11-05,80.47,73.41,99,52,153.39
2017-11-06,72.98,72.61,63,48,138.08
2017-11-07,72.82,74.13,55,50,138.5
2017-11-08,85.99,68.76,61,50,142.99
2017-11-09,83.25,75.48,69,49,151.15
2017-11-10,83.14,75.15,72,45,149.26
2017-11-11,88.05,72.77,79,51,154.62
2017-11-12,75.21,77.02,79,54,147.44
2017-11-13,81.82,70.62,87,52,148.27
2017-11-14,71.9,77.38,79,45,142.83
2017-11-15,78.24,74.46,90,54,150.3
2017-11-16,73.7,72.99,79,51,147.64
2017-11-17,75.97,73.94,85,48,146.54
2017-11-18,80.95,73.68,98,50,152.77
2017-11-19,66.82,77.66,83,53,144.39
2017-11-20,95.92,70.77,65,49,153.39
2017-11-21,64.94,71.71,73,52,141.32
2017-11-22,62.86,77.11,63,49,136.66
2017-11-23,86.58,72.21,75,46,147.25
2017-11-24,82.92,76.7,57,48,146.33
2017-11-25,81.24,79.1,63,46,146.98
2017-11-26,81.28,72.79,80,51,148.5
2017-11-27,74.88,76.04,51,51,140.24
2017-11-28,66.03,70.54,97,47,137.17
2017-11-29,75.76,76.26,53,51,142.52
2017-11-30,68.23,74.6,50,45,133.28
2017-12-01,84.75,75.42,69,45,146.94
2017-12-02,73.53,72.06,63,53,143.78
2017-12-03,66.75,69.02,89,50,138.89
2017-12-04,71.79,75.51,74,49,144.26
2017-12-05,79.13,67.81,74,50,143.06
2017-12-06,69.36,73.05,52,50,135.67
2017-12-07,66.78,76.82,54,45,135.26
2017-12-08,77.44,74.58,87,49,146.3
2017-12-09,77.45,79.85,75,53,153.16
2017-12-10,69.93,77.08,89,48,144.75
2017-12-11,70.29,72.04,87,47,139.42
2017-12-12,77.32,74.08,87,45,148.16
2017-12-13,60.52,73.86,53,46,126.33
2017-12-14,60.93,69.25,56,47,130.1
2017-12-15,67.82,71.18,79,48,140.71
2017-12-16,72.87,72.32,79,51,142.43
2017-12-17,78.11,67.89,68,50,143.35
2017-12-18,89.75,74.14,88,52,154.99
2017-12-19,83.58,73.25,84,53,154.04
2017-12-20,73.4,68.98,89,50,142.06
2017-12-21,74.81,75.21,82,51,143.34
2017-12-22,64.97,76.15,82,48,139.04
2017-12-23,74.81,74.68,63,46,139.88
2017-12-24,72.11,73.03,87,53,147.15
2017-12-25,78.23,75.77,59,53,144.9
2017-12-26,66.73,76.04,77,48,139.72
2017-12-27,80.19,74.92,63,47,145.24
2017-12-28,90.33,71.53,85,54,156.39
2017-12-29,73.91,74.83,87,50,146.43
2017-12-30,79.02,77.59,65,47,145.37
2017-12-31,81.9,72.21,70,45,145.29
2018-01-01,70.99,80.29,77,48,145.61
2018-01-02,77.24,72.42,82,45,140.8
2018-01-03,75.13,74.1,55,46,137.56
2018-01-04,75.98,71.98,90,47,145.77
2018-01-05,67.27,74.67,64,52,138.6
2018-01-06,75.25,68.77,93,54,144.76
2018-01-07,79.98,72.36,52,48,137.77
2018-01-08,89.51,70.72,92,48,152.4
2018-01-09,84.59,74.41,96,54,156.94
2018-01-10,96.53,76.98,84,53,160.79
2018-01-11,67.33,75.94,63,51,138.87
2018-01-12,83.72,66.89,51,46,134.75
2018-01-13,76.83,80.13,78,47,149.04
2018-01-14,96.9,74.89,53,48,156.1
2018-01-15,66.92,71.67,75,48,136.83
2018-01-16,66.6,74.47,61,54,135.58
2018-01-17,69.01,74.53,51,52,137.89
2018-01-18,53.76,72.0,66,54,132.68
2018-01-19,69.74,74.59,84,54,142.55
2018-01-20,67.41,72.18,59,50,132.9
2018-01-21,76.5,72.79,97,47,147.55
2018-01-22,78.42,71.94,71,53,145.13
2018-01-23,93.76,69.7,90,54,159.44
2018-01-24,84.5,74.44,92,52,154.29
2018-01-25,69.23,75.76,70,53,144.29
2018-01-26,66.02,75.54,64,49,140.4
2018-01-27,79.92,76.46,84,47,147.68
2018-01-28,61.8,74.97,97,48,141.95
2018-01-29,93.31,72.4,70,49,151.61
2018-01-30,86.79,76.52,70,53,149.36
2018-01-31,70.31,69.93,70,53,139.58
2018-02-01,57.87,71.3,93,47,135.06
2018-02-02,88.54,71.11,81,51,148.61
2018-02-03,73.85,77.24,54,50,141.0
2018-02-04,87.38,76.83,88,48,154.24
2018-02-05,59.06,75.46,58,49,133.52
2018-02-06,69.01,77.22,67,54,140.48
2018-02-07,75.05,71.36,70,46,139.33
2018-02-08,75.47,75.05,57,51,137.54
2018-02-09,70.5,73.62,93,48,144.56
2018-02-10,81.23,76.54,83,46,149.82
2018-02-11,64.32,73.65,59,50,133.3
2018-02-12,73.58,72.85,90,46,146.28
2018-02-13,76.2,75.62,73,54,142.57
2018-02-14,80.14,76.63,89,46,150.15
2018-02-15,82.12,71.99,73,51,149.36
2018-02-16,63.75,73.82,81,45,136.26
2018-02-17,59.66,70.82,82,51,137.09
2018-02-18,87.78,66.51,87,54,149.37
2018-02-19,78.32,74.6,93,49,149.44
2018-02-20,67.52,75.83,98,45,145.74
2018-02-21,90.51,74.79,83,50,157.52
2018-02-22,76.16,68.15,60,51,142.51
2018-02-23,86.79,72.95,80,45,149.14
2018-02-24,75.68,67.34,67,53,139.58
2018-02-25,95.61,78.11,72,51,158.83
2018-02-26,92.55,70.74,71,45,148.42
2018-02-27,72.51,77.77,92,47,149.78
2018-02-28,84.72,76.84,67,49,150.2
2018-03-01,81.45,71.3,89,48,146.1
2018-03-02,88.69,70.6,96,46,151.14
2018-03-03,65.35,75.05,90,45,139.57
2018-03-04,81.86,71.47,96,48,148.0
2018-03-05,85.58,74.31,88,51,152.98
2018-03-06,57.41,72.55,69,48,128.29
2018-03-07,63.17,68.66,62,53,130.88
2018-03-08,54.61,67.31,94,52,133.74
2018-03-09,72.31,74.68,50,52,139.22
2018-03-10,82.18,72.32,53,49,147.18
2018-03-11,90.02,72.34,73,45,147.46
2018-03-12,75.74,76.09,85,53,150.79
2018-03-13,91.29,77.52,85,46,157.23
2018-03-14,61.2,73.18,94,50,140.37
2018-03-15,57.97,72.98,51,54,129.15
2018-03-16,74.44,75.5,77,49,144.23
2018-03-17,78.84,69.93,75,54,146.06
2018-03-18,74.67,74.67,72,52,143.93
2018-03-19,54.33,75.66,64,47,125.87
2018-03-20,74.11,76.04,85,50,149.92
2018-03-21,61.96,68.19,76,50,133.7
2018-03-22,81.7,71.72,55,54,143.56
2018-03-23,78.67,71.37,84,47,145.03
2018-03-24,65.6,74.3,88,51,143.91
2018-03-25,69.86,75.44,87,48,146.36
2018-03-26,64.41,78.49,84,49,142.95
2018-03-27,74.37,72.52,85,53,144.97
2018-03-28,84.55,72.51,59,50,148.47
2018-03-29,65.14,77.45,79,54,144.03
2018-03-30,80.04,74.89,90,48,149.64
2018-03-31,69.7,77.8,87,52,147.99
2018-04-01,67.07,74.87,78,53,144.55
2018-04-02,73.93,70.53,92,54,146.1
2018-04-03,64.65,70.0,88,49,138.86
2018-04-04,69.46,69.35,99,46,139.54
2018-04-05,63.02,75.99,53,50,135.42
2018-04-06,94.65,77.57,54,52,153.74
2018-04-07,75.35,79.55,53,49,146.09
2018-04-08,68.0,76.53,85,45,140.17
2018-04-09,77.14,77.49,94,52,153.99
2018-04-10,73.88,72.26,65,53,138.66
2018-04-11,72.79,70.53,74,45,137.45
2018-04-12,81.14,76.55,63,52,148.9
2018-04-13,82.58,75.25,60,54,147.38
2018-04-14,69.69,74.32,78,46,139.66
2018-04-15,69.24,75.16,83,48,142.8
2018-04-16,72.25,74.97,71,46,141.65
2018-04-17,51.98,77.85,63,46,129.27
2018-04-18,59.85,77.88,73,54,142.48
2018-04-19,88.67,75.63,88,47,157.12
2018-04-20,91.45,76.54,75,52,157.04
2018-04-21,72.51,75.54,92,48,143.68
2018-04-22,80.77,72.62,85,51,148.08
2018-04-23,78.11,76.27,88,54,148.03
2018-04-24,105.79,69.82,65,47,155.46
2018-04-25,86.2,77.16,87,54,160.65
2018-04-26,73.72,70.42,81,47,141.85
2018-04-27,65.44,74.86,55,46,133.32
2018-04-28,58.94,71.46,83,50,132.68
2018-04-29,77.03,75.66,57,50,143.39
2018-04-30,67.44,73.9,79,45,142.14
2018-05-01,60.78,69.22,76,51,135.51
2018-05-02,68.53,75.26,56,48,136.23
2018-05-03,64.18,72.27,76,47,132.06
2018-05-04,91.87,76.64,74,52,161.65
2018-05-05,83.82,74.0,95,46,150.04
2018-05-06,74.92,75.19,90,53,150.66
2018-05-07,89.8,71.13,64,52,146.46
2018-05-08,75.77,72.23,74,52,143.4
2018-05-09,66.39,72.62,71,47,132.51
2018-05-10,90.23,76.57,67,48,150.47
2018-05-11,80.39,79.03,61,46,144.81
2018-05-12,64.63,71.58,72,46,134.4
2018-05-13,73.1,77.23,94,48,148.25
2018-05-14,66.24,67.49,88,50,141.76
2018-05-15,61.17,70.42,74,49,134.6
2018-05-16,84.26,71.12,59,45,144.07
2018-05-17,94.09,69.94,79,54,156.22
2018-05-18,61.01,69.25,59,45,126.86
2018-05-19,80.63,75.24,83,50,152.55
2018-05-20,68.49,73.36,95,47,137.52
2018-05-21,70.13,75.14,62,47,136.84
2018-05-22,69.08,76.07,78,51,140.68
2018-05-23,66.36,74.8,87,45,135.78
2018-05-24,75.49,75.97,90,45,145.03
2018-05-25,66.69,73.79,94,54,142.55
2018-05-26,77.7,70.44,58,47,140.46
2018-05-27,74.5,77.17,62,52,145.02
2018-05-28,72.61,72.23,86,45,137.03
2018-05-29,65.92,71.19,63,54,136.74
2018-05-30,69.23,73.47,86,48,139.49
2018-05-31,82.55,71.26,58,53,144.77
2018-06-01,80.01,72.75,57,48,142.39
2018-06-02,65.22,75.03,88,54,142.26
2018-06-03,75.99,75.05,89,52,149.87
2018-06-04,82.51,71.31,52,51,143.26
2018-06-05,58.31,72.54,96,47,135.38
2018-06-06,80.43,77.22,89,51,151.9
2018-06-07,68.37,75.49,82,51,143.32
2018-06-08,80.71,80.23,81,54,155.52
2018-06-09,67.37,77.54,56,47,137.79
2018-06-10,56.95,77.43,68,46,132.19
2018-06-11,58.72,69.84,83,53,131.82
2018-06-12,75.48,76.29,63,45,141.08
2018-06-13,77.6,73.84,99,51,151.58
2018-06-14,65.96,72.35,96,48,141.02
2018-06-15,81.39,74.5,95,46,150.21
2018-06-16,58.38,76.84,68,46,132.13
2018-06-17,74.34,75.5,75,52,144.93
2018-06-18,62.89,71.36,66,51,132.66
2018-06-19,68.48,76.23,77,51,145.12
2018-06-20,75.47,72.09,68,49,139.16
2018-06-21,66.4,74.65,76,54,141.94
2018-06-22,71.15,73.09,97,52,144.05
2018-06-23,85.06,73.34,68,46,147.84
2018-06-24,69.23,76.3,82,46,140.91
2018-06-25,83.36,70.88,56,49,140.77
2018-06-26,63.7,79.84,78,45,140.62
2018-06-27,80.3,68.54,92,50,141.49
2018-06-28,89.42,72.21,54,48,143.62
2018-06-29,50.28,75.11,79,50,131.78
2018-06-30,67.03,75.75,98,51,147.95
2018-07-01,80.77,73.7,92,47,150.22
2018-07-02,72.97,73.83,57,52,140.52
2018-07-03,78.71,75.23,91,51,155.93
2018-07-04,68.96,73.31,61,45,135.7
2018-07-05,75.87,78.18,91,50,149.17
2018-07-06,73.44,76.52,62,51,145.23
2018-07-07,86.68,76.62,75,48,151.02
2018-07-08,77.54,71.1,67,46,138.39
2018-07-09,78.38,73.76,91,54,148.47
2018-07-10,70.88,73.1,98,53,146.28
2018-07-11,70.12,70.98,69,51,135.7
2018-07-12,70.67,75.08,65,45,139.08
2018-07-13,78.94,72.39,86,52,148.23
2018-07-14,70.79,75.97,52,47,134.43
2018-07-15,77.9,70.79,76,48,142.41
2018-07-16,95.75,79.16,64,49,160.07
2018-07-17,83.71,71.31,83,45,149.62
2018-07-18,71.74,74.66,94,50,142.99
2018-07-19,87.01,76.38,71,54,152.95
2018-07-20,70.92,72.29,89,50,140.6
2018-07-21,54.62,76.56,72,46,132.12
2018-07-22,64.92,70.31,98,54,138.98
2018-07-23,56.29,78.36,53,50,134.18
2018-07-24,71.48,74.04,90,52,148.53
2018-07-25,75.18,72.21,72,50,143.92
2018-07-26,91.76,73.1,96,48,155.31
2018-07-27,78.27,76.43,58,48,142.39
2018-07-28,72.81,72.25,73,53,141.67
2018-07-29,83.29,71.75,70,50,148.59
2018-07-30,52.89,73.34,90,52,131.01
2018-07-31,77.36,70.47,95,52,148.56
2018-08-01,82.71,79.46,65,51,149.83
2018-08-02,60.21,72.3,74,47,131.43
2018-08-03,86.44,76.49,75,54,156.53
2018-08-04,78.38,74.63,98,45,145.8
2018-08-05,70.85,71.05,94,49,142.09
2018-08-06,81.33,73.98,58,54,146.32
2018-08-07,97.71,76.35,64,54,159.43
2018-08-08,76.82,73.44,88,46,145.23
2018-08-09,77.48,77.58,82,54,153.07
2018-08-10,70.41,77.06,50,46,135.99
2018-08-11,66.5,76.76,54,51,138.34
2018-08-12,83.3,72.62,58,47,143.84
2018-08-13,66.44,70.76,93,52,141.64
2018-08-14,75.72,72.16,55,53,141.71
2018-08-15,70.22,74.59,77,52,143.77
2018-08-16,79.79,75.64,94,50,152.0
2018-08-17,78.34,67.49,75,49,137.95
2018-08-18,85.38,73.98,77,47,152.02
2018-08-19,69.9,74.47,89,47,146.21
2018-08-20,72.3,73.17,64,51,139.5
2018-08-21,65.21,77.87,55,49,137.84
2018-08-22,70.56,75.27,76,50,141.65
2018-08-23,78.77,77.93,87,50,150.57
2018-08-24,82.57,73.35,53,53,145.43
2018-08-25,65.78,76.81,60,45,141.03
2018-08-26,83.7,78.91,70,52,156.53
2018-08-27,88.56,77.94,79,54,161.17
2018-08-28,79.13,70.72,67,49,143.0
2018-08-29,93.77,73.24,84,50,154.82
2018-08-30,67.26,72.96,52,50,136.2
2018-08-31,62.55,75.47,61,45,126.92
2018-09-01,57.21,76.06,76,47,134.66
2018-09-02,89.96,71.48,79,50,154.16
2018-09-03,81.54,74.2,70,53,149.09
2018-09-04,74.44,67.94,87,50,144.74
2018-09-05,77.8,78.33,70,50,145.49
2018-09-06,63.75,72.46,87,45,139.32
2018-09-07,99.46,74.17,89,53,162.99
2018-09-08,76.29,73.07,64,48,143.93
2018-09-09,76.09,77.44,67,46,146.05
2018-09-10,82.26,65.49,78,45,142.87
2018-09-11,79.81,73.95,97,47,151.9
2018-09-12,77.24,73.68,87,47,147.57
2018-09-13,67.1,72.64,70,49,139.6
2018-09-14,79.71,79.18,66,45,146.98
2018-09-15,93.82,71.34,90,51,158.07
2018-09-16,88.45,76.32,67,45,150.02
2018-09-17,90.93,75.07,86,48,154.44
2018-09-18,69.89,77.78,87,50,147.61
2018-09-19,65.1,72.0,61,45,131.75
2018-09-20,73.74,71.8,60,51,141.7
2018-09-21,75.56,77.29,97,54,153.18
2018-09-22,85.94,75.28,98,51,155.36
2018-09-23,58.08,69.37,69,47,130.12
2018-09-24,90.3,72.38,58,48,147.81
2018-09-25,73.42,75.16,50,50,137.6
2018-09-26,70.73,76.51,52,51,142.33
2018-09-27,64.88,71.96,70,48,136.35
2018-09-28,58.45,65.26,72,54,132.37
2018-09-29,83.23,75.57,58,53,147.81
2018-09-30,75.73,70.34,68,53,140.85
2018-10-01,62.1,67.95,94,53,134.75
2018-10-02,62.05,65.5,95,54,134.5
2018-10-03,71.64,76.44,68,50,141.97
2018-10-04,91.69,74.39,72,46,153.29
2018-10-05,72.4,73.32,76,46,138.44
2018-10-06,59.97,78.17,76,48,136.39
2018-10-07,72.54,75.91,88,53,151.75
2018-10-08,72.27,78.85,85,47,141.08
2018-10-09,48.03,69.82,61,50,122.84
2018-10-10,74.46,73.9,76,46,139.41
2018-10-11,72.69,69.15,95,45,138.82
2018-10-12,81.96,73.31,83,49,151.77
2018-10-13,93.49,73.25,82,52,157.24
2018-10-14,86.27,75.88,77,54,160.18
2018-10-15,72.31,74.14,80,54,146.95
2018-10-16,63.93,75.87,81,46,136.6
2018-10-17,100.73,76.11,99,54,169.24
2018-10-18,75.59,80.46,69,53,152.29
2018-10-19,75.14,73.05,89,52,148.37
2018-10-20,74.76,71.18,84,47,141.67
2018-10-21,76.98,74.74,80,45,141.1
2018-10-22,73.56,71.59,80,48,140.76
2018-10-23,69.26,78.45,87,52,151.05
2018-10-24,69.53,73.15,71,47,136.35
2018-10-25,74.67,72.3,94,54,147.62
2018-10-26,69.57,72.59,90,46,142.79
2018-10-27,67.87,76.16,58,51,139.99
2018-10-28,76.06,73.53,58,48,137.44
2018-10-29,72.45,72.07,64,50,138.71
2018-10-30,90.04,79.0,62,49,156.93
2018-10-31,48.49,71.43,71,46,123.49
2018-11-01,85.92,74.11,65,54,153.7
2018-11-02,87.46,75.96,81,46,155.42
2018-11-03,54.27,69.11,51,53,122.69
2018-11-04,71.57,75.44,75,54,144.71
2018-11-05,71.29,70.83,63,46,136.35
2018-11-06,60.92,76.47,87,52,138.05
2018-11-07,67.22,71.11,83,52,139.38
2018-11-08,63.89,76.08,57,45,134.19
2018-11-09,92.52,77.32,85,45,155.62
2018-11-10,84.36,76.58,70,48,151.06
2018-11-11,87.72,74.75,95,46,153.23
2018-11-12,82.22,73.31,92,45,147.65
2018-11-13,63.71,72.27,77,53,139.43
2018-11-14,69.75,78.41,95,47,149.82
2018-11-15,79.89,71.9,93,45,145.14
2018-11-16,62.78,70.89,97,46,134.36
2018-11-17,82.13,76.0,55,52,147.0
2018-11-18,72.6,71.61,69,49,140.08
2018-11-19,71.25,71.15,80,51,139.73
2018-11-20,82.11,69.67,82,50,149.72
2018-11-21,79.44,72.55,93,45,146.51
2018-11-22,71.39,73.75,56,50,136.58
2018-11-23,86.59,74.73,57,51,152.5
2018-11-24,64.19,76.85,58,48,138.13
2018-11-25,81.16,75.58,51,52,143.91
2018-11-26,80.93,73.43,66,52,148.63
2018-11-27,71.9,73.41,94,51,144.86
2018-11-28,78.26,75.53,86,46,149.12
2018-11-29,62.49,77.82,91,50,146.5
2018-11-30,84.24,74.38,93,50,151.23
2018-12-01,73.15,72.59,66,51,139.59
2018-12-02,69.77,71.02,87,50,140.05
2018-12-03,85.49,69.66,84,46,147.36
2018-12-04,67.96,76.0,96,52,147.72
2018-12-05,60.92,75.73,88,48,138.56
2018-12-06,59.43,75.73,79,53,135.18
2018-12-07,81.06,73.61,55,52,142.07
2018-12-08,62.2,78.22,53,47,132.23
2018-12-09,92.55,72.55,86,47,155.39
2018-12-10,54.18,76.87,84,52,134.01
2018-12-11,91.96,73.88,58,46,147.06
2018-12-12,77.11,72.17,55,53,139.24
2018-12-13,74.03,75.78,62,48,142.12
2018-12-14,69.55,75.23,71,50,143.38
2018-12-15,78.99,75.07,77,47,146.66
2018-12-16,74.62,74.24,79,47,147.46
2018-12-17,86.03,73.89,85,47,151.54
2018-12-18,76.14,81.17,51,54,147.63
2018-12-19,76.5,77.55,85,46,146.38
2018-12-20,71.36,76.17,57,52,141.56
2018-12-21,74.43,74.34,94,53,147.77
2018-12-22,78.08,77.02,91,52,150.71
2018-12-23,57.9,75.55,99,54,139.97
2018-12-24,61.52,74.08,58,47,130.83
2018-12-25,82.43,73.09,50,51,142.43
2018-12-26,76.71,73.76,62,54,149.74
2018-12-27,73.16,64.49,99,46,138.71
2018-12-28,75.18,74.63,64,48,142.0
2018-12-29,78.48,72.53,81,50,145.21
2018-12-30,69.6,78.78,83,49,152.01
2018-12-31,67.22,74.06,92,53,142.63
2019-01-01,76.96,70.43,80,54,144.57
2019-01-02,65.22,73.85,63,48,136.81
2019-01-03,79.08,70.86,96,49,148.24
2019-01-04,57.97,75.42,63,48,129.17
2019-01-05,85.29,74.87,97,52,156.53
2019-01-06,79.73,76.87,78,52,152.29
2019-01-07,77.56,71.63,96,47,147.56
2019-01-08,84.83,74.1,68,45,147.6
2019-01-09,91.65,69.9,76,50,155.49
2019-01-10,85.14,76.1,58,46,147.11
2019-01-11,56.59,75.56,86,46,136.19
2019-01-12,62.2,75.49,86,47,133.56
2019-01-13,68.75,74.0,92,52,148.59
2019-01-14,75.26,75.24,77,47,144.38
2019-01-15,80.18,78.81,73,51,149.52
2019-01-16,67.74,73.14,77,54,141.17
2019-01-17,76.87,74.42,85,54,150.98
2019-01-18,67.45,70.74,67,53,139.03
2019-01-19,68.88,71.4,74,52,139.06
2019-01-20,60.93,74.29,84,45,136.5
2019-01-21,65.77,77.31,53,51,136.88
2019-01-22,61.48,73.23,63,51,134.56
2019-01-23,65.24,73.29,88,52,141.79
2019-01-24,85.54,72.78,75,54,152.15
2019-01-25,65.51,72.4,57,49,132.5
2019-01-26,101.32,74.88,73,54,163.11
2019-01-27,79.93,69.51,65,53,141.41
2019-01-28,76.85,77.84,69,53,149.07
2019-01-29,66.42,72.0,64,52,134.98
2019-01-30,82.0,76.17,56,50,144.35
2019-01-31,69.24,70.19,66,50,134.49
2019-02-01,76.22,76.01,71,45,142.82
2019-02-02,100.6,76.02,71,50,159.32
2019-02-03,74.04,75.15,61,48,141.54
2019-02-04,86.49,71.02,67,48,146.27
2019-02-05,67.97,74.75,95,46,144.61
2019-02-06,74.65,70.45,96,48,144.18
2019-02-07,92.71,73.24,64,49,151.88
2019-02-08,68.73,77.09,86,49,148.34
2019-02-09,93.12,76.39,65,49,153.61
2019-02-10,82.08,74.05,54,48,142.71
2019-02-11,69.38,71.08,51,45,133.59
2019-02-12,81.32,75.94,77,54,150.03
2019-02-13,84.73,74.06,90,52,156.71
2019-02-14,81.22,67.04,76,47,140.59
2019-02-15,59.3,76.35,80,46,133.99
2019-02-16,67.73,73.93,90,53,146.09
2019-02-17,72.52,77.61,85,51,147.6
2019-02-18,74.26,70.71,96,53,150.47
2019-02-19,81.21,64.47,92,46,141.86
2019-02-20,76.78,74.84,50,53,142.58
2019-02-21,61.65,74.87,99,54,142.52
2019-02-22,78.8,68.93,78,53,144.23
2019-02-23,81.11,71.06,50,53,141.47
2019-02-24,80.6,82.27,57,54,155.23
2019-02-25,85.81,73.08,65,54,150.53
2019-02-26,83.34,76.19,77,48,151.77
2019-02-27,79.59,72.05,71,54,146.79
2019-02-28,74.3,67.73,67,47,134.84
2019-03-01,58.39,73.49,71,50,133.77
2019-03-02,79.3,73.2,90,47,150.82
2019-03-03,77.08,72.8,61,53,141.09
2019-03-04,77.72,73.66,68,47,143.49
2019-03-05,62.23,74.79,74,46,137.97
2019-03-06,64.19,73.55,99,52,141.52
2019-03-07,85.53,70.21,54,50,145.13
2019-03-08,74.6,75.46,83,52,149.58
2019-03-09,81.82,68.15,88,51,144.12
2019-03-10,75.28,67.85,59,47,136.97
2019-03-11,75.3,76.22,96,52,150.16
2019-03-12,84.38,75.52,56,54,149.96
2019-03-13,69.84,73.83,86,45,142.71
2019-03-14,75.96,69.81,96,45,145.53
2019-03-15,70.38,71.88,64,54,136.46
2019-03-16,70.66,73.21,91,52,148.74
2019-03-17,71.91,69.21,73,53,142.45
2019-03-18,77.22,71.78,75,54,147.86
2019-03-19,70.21,75.96,75,50,143.62
2019-03-20,87.56,78.28,95,49,157.79
2019-03-21,66.05,72.74,75,46,133.66
2019-03-22,73.13,76.27,59,53,139.95
2019-03-23,70.6,68.26,66,50,136.46
2019-03-24,89.47,75.98,63,52,155.17
2019-03-25,76.97,71.59,51,53,139.98
2019-03-26,85.32,74.92,97,53,156.11
2019-03-27,60.14,73.26,62,52,133.23
2019-03-28,77.67,77.96,76,54,149.89
2019-03-29,83.9,71.38,58,52,145.08
2019-03-30,75.82,75.88,56,47,139.5
2019-03-31,85.65,73.16,97,47,154.05
2019-04-01,69.83,73.53,59,46,138.0
2019-04-02,89.09,73.45,58,45,147.33
2019-04-03,97.99,71.46,71,48,154.0
2019-04-04,71.37,73.96,72,46,141.37
2019-04-05,70.54,73.81,56,46,135.61
2019-04-06,89.53,74.72,97,49,159.31
2019-04-07,90.8,74.25,58,48,148.21
2019-04-08,69.77,76.39,76,45,139.66
2019-04-09,70.8,76.77,73,53,143.02
2019-04-10,72.18,70.85,78,48,138.66
2019-04-11,61.56,76.61,66,49,137.88
2019-04-12,65.81,70.44,69,51,133.4
2019-04-13,64.96,75.76,56,46,129.18
2019-04-14,67.32,75.86,92,52,144.65
2019-04-15,74.65,68.27,89,46,137.86
2019-04-16,77.34,74.28,56,54,143.02
2019-04-17,90.51,72.59,77,49,156.49
2019-04-18,65.02,71.72,68,46,131.21
2019-04-19,84.84,78.05,69,46,151.42
2019-04-20,72.86,72.04,93,48,143.79
2019-04-21,74.51,71.58,88,48,144.31
2019-04-22,81.75,74.23,89,52,151.21
2019-04-23,63.77,76.06,56,50,137.63
2019-04-24,78.82,73.58,55,54,145.01
2019-04-25,76.66,77.5,74,52,149.71
2019-04-26,79.92,75.59,90,51,152.13
2019-04-27,77.89,67.47,62,54,142.62
2019-04-28,99.55,72.41,88,48,160.38
2019-04-29,68.62,72.31,89,46,140.57
2019-04-30,69.69,75.44,71,53,144.17
2019-05-01,68.77,66.13,98,46,133.24
2019-05-02,69.45,81.65,66,45,143.06
2019-05-03,68.63,75.59,97,52,146.92
2019-05-04,86.89,74.45,71,54,155.23
2019-05-05,89.21,77.54,83,53,157.26
2019-05-06,69.29,81.03,57,45,140.7
2019-05-07,66.68,76.61,98,51,150.24
2019-05-08,79.71,76.85,94,46,151.05
2019-05-09,69.48,74.39,67,50,136.94
2019-05-10,81.33,73.58,73,49,151.11
2019-05-11,77.03,72.57,91,45,143.54
2019-05-12,59.84,71.52,51,46,124.24
2019-05-13,90.48,71.94,51,46,143.04
2019-05-14,92.96,69.95,76,54,155.39
2019-05-15,68.87,73.77,63,54,142.54
2019-05-16,71.12,68.95,97,50,145.75
2019-05-17,77.86,74.57,88,45,146.5
2019-05-18,78.34,73.89,61,48,140.35
2019-05-19,81.59,74.44,81,54,150.56
2019-05-20,95.1,72.43,77,49,154.98
2019-05-21,73.23,83.23,77,46,148.88
2019-05-22,67.02,78.08,95,46,147.29
2019-05-23,61.21,70.27,74,51,130.6
2019-05-24,67.69,74.7,53,51,134.24
2019-05-25,74.67,72.18,75,50,141.92
2019-05-26,92.95,70.96,85,45,152.77
2019-05-27,69.82,69.98,99,47,140.29
2019-05-28,77.24,75.3,52,53,142.43
2019-05-29,74.84,71.96,50,54,141.81
2019-05-30,86.88,76.9,66,45,150.3
2019-05-31,100.27,76.98,56,46,153.98
2019-06-01,69.69,78.12,97,52,148.69
2019-06-02,70.11,71.44,54,51,136.55
2019-06-03,85.44,75.43,68,53,149.18
2019-06-04,81.82,75.9,88,54,155.43
2019-06-05,93.47,72.58,95,48,156.45
2019-06-06,80.84,71.68,83,48,147.18
2019-06-07,71.41,78.83,84,51,148.45
2019-06-08,80.91,74.68,98,45,148.16
2019-06-09,86.09,75.91,65,54,151.11
2019-06-10,83.2,71.53,89,53,154.34
2019-06-11,80.07,70.34,99,46,151.86
2019-06-12,85.67,72.29,96,45,147.44
2019-06-13,86.69,73.63,88,51,156.1
2019-06-14,88.82,70.81,76,50,150.73
2019-06-15,81.49,73.97,90,47,153.73
2019-06-16,73.33,68.93,87,45,137.93
2019-06-17,76.47,70.64,99,49,148.49
2019-06-18,87.07,76.01,99,54,159.24
2019-06-19,66.83,75.81,74,48,142.11
2019-06-20,78.69,72.82,75,49,149.59
2019-06-21,71.07,70.95,63,45,134.92
2019-06-22,75.29,70.92,63,45,134.73
2019-06-23,87.78,72.88,63,49,150.9
2019-06-24,76.91,75.93,74,50,147.82
2019-06-25,75.46,76.78,85,49,148.96
2019-06-26,61.4,72.51,53,46,131.62
2019-06-27,82.46,70.54,96,53,149.33
2019-06-28,81.45,74.8,64,49,144.58
2019-06-29,96.63,71.53,81,49,157.09
2019-06-30,71.92,72.45,67,54,140.03
2019-07-01,77.19,77.98,63,53,147.16
2019-07-02,77.49,76.48,50,47,143.73
2019-07-03,90.77,74.47,91,49,157.61
2019-07-04,74.05,70.18,69,49,136.52
2019-07-05,77.79,74.63,59,46,142.0
2019-07-06,81.08,77.19,59,48,148.68
2019-07-07,76.87,72.87,73,46,142.36
2019-07-08,70.54,78.05,83,49,147.61
2019-07-09,76.94,77.88,77,54,149.83
2019-07-10,85.74,78.99,76,46,153.35
2019-07-11,64.73,74.92,89,54,140.42
2019-07-12,76.33,75.76,50,53,144.17
2019-07-13,68.0,78.24,82,54,147.51
2019-07-14,86.95,75.34,53,50,145.46
2019-07-15,59.77,72.5,56,52,134.1
2019-07-16,69.41,72.65,58,53,139.01
2019-07-17,78.77,74.72,65,52,144.65
2019-07-18,90.66,70.13,54,49,147.11
2019-07-19,74.34,73.57,83,49,142.59
2019-07-20,69.45,77.29,72,50,141.21
2019-07-21,93.81,67.43,92,45,149.17
2019-07-22,60.52,78.6,99,52,142.98
2019-07-23,53.01,77.37,74,46,132.38
2019-07-24,79.4,72.62,62,50,143.33
2019-07-25,69.98,75.63,73,53,145.09
2019-07-26,64.79,74.01,60,47,127.94
2019-07-27,82.08,77.69,66,46,146.82
2019-07-28,77.44,76.95,86,54,151.47
2019-07-29,69.36,69.8,62,49,134.46
2019-07-30,62.2,75.76,76,53,139.68
2019-07-31,83.72,73.38,69,50,148.2
2019-08-01,81.5,74.25,82,52,150.88
2019-08-02,74.01,71.82,91,52,145.14
2019-08-03,93.47,79.24,81,51,160.38
2019-08-04,64.3,77.12,57,49,136.07
2019-08-05,59.74,71.78,78,46,132.88
2019-08-06,68.08,70.0,89,54,141.82
2019-08-07,74.54,72.84,68,54,142.03
2019-08-08,77.43,75.3,55,49,140.53
2019-08-09,72.59,74.72,93,51,148.45
2019-08-10,78.52,77.76,88,51,153.93
2019-08-11,62.48,76.37,97,46,143.13
2019-08-12,89.44,76.91,90,51,157.71
2019-08-13,74.18,74.98,70,50,139.74
2019-08-14,86.17,69.83,71,51,148.03
2019-08-15,78.43,73.41,91,52,148.56
2019-08-16,79.57,77.18,59,48,145.08
2019-08-17,80.7,73.85,59,45,142.09
2019-08-18,79.48,75.51,78,52,150.8
2019-08-19,81.43,73.04,65,52,148.08
2019-08-20,88.29,70.91,50,47,145.54
2019-08-21,76.97,73.63,66,47,144.42
2019-08-22,82.09,74.93,79,49,149.7
2019-08-23,74.1,72.03,75,47,137.21
2019-08-24,89.4,73.29,95,49,154.56
2019-08-25,68.24,71.18,68,52,140.3
2019-08-26,93.01,77.36,70,45,154.49
2019-08-27,74.6,73.12,66,46,143.81
2019-08-28,60.69,78.36,95,46,140.34
2019-08-29,76.28,78.59,89,48,155.06
2019-08-30,68.19,73.76,70,53,140.42
2019-08-31,83.41,70.97,90,46,146.98
2019-09-01,68.47,67.74,89,53,138.15
2019-09-02,70.54,69.58,94,51,143.61
2019-09-03,56.1,69.88,98,54,133.34
2019-09-04,70.48,78.14,68,52,143.29
2019-09-05,50.76,74.35,56,45,123.53
2019-09-06,59.16,75.17,66,49,128.82
2019-09-07,82.6,67.34,50,53,139.74
2019-09-08,82.86,70.41,86,48,150.68
2019-09-09,79.25,76.66,55,46,143.75
2019-09-10,65.33,74.86,75,50,137.77
2019-09-11,74.52,73.56,51,46,135.8
2019-09-12,74.96,75.69,81,47,145.91
2019-09-13,63.42,78.91,97,52,145.55
2019-09-14,90.03,73.34,54,47,147.93
2019-09-15,83.77,74.21,86,46,148.75
2019-09-16,72.79,74.58,80,50,142.29
2019-09-17,75.27,81.18,61,47,148.16
2019-09-18,77.08,67.7,84,45,141.13
2019-09-19,54.58,76.05,79,47,129.11
2019-09-20,72.53,73.66,97,50,146.17
2019-09-21,68.18,75.7,55,47,138.05
2019-09-22,64.98,72.03,64,53,135.58
2019-09-23,72.19,73.85,64,51,139.53
2019-09-24,92.98,76.13,65,49,153.69
2019-09-25,81.41,83.34,69,46,152.54
2019-09-26,69.29,76.42,62,53,141.25
2019-09-27,80.73,71.46,93,49,148.53
2019-09-28,88.99,72.73,91,51,154.98
2019-09-29,84.25,72.64,95,53,152.21
2019-09-30,75.6,68.61,80,48,138.2
2019-10-01,68.53,73.01,83,53,140.45
2019-10-02,81.98,76.2,78,45,148.43
2019-10-03,78.93,70.18,52,50,140.07
2019-10-04,83.95,77.15,58,46,144.8
2019-10-05,81.35,75.46,60,52,144.18
2019-10-06,85.5,71.8,60,49,143.49
2019-10-07,69.65,73.58,74,47,141.75
2019-10-08,88.17,78.79,71,46,152.51
2019-10-09,76.98,76.2,91,52,150.92
2019-10-10,95.75,74.03,95,51,159.58
2019-10-11,68.11,73.29,58,53,138.74
2019-10-12,92.36,74.23,69,52,154.35
2019-10-13,76.98,72.46,70,48,140.71
2019-10-14,68.49,67.69,59,46,127.98
2019-10-15,70.16,80.13,71,46,144.15
2019-10-16,71.8,74.47,78,46,141.78
2019-10-17,79.24,75.19,58,50,141.82
2019-10-18,80.23,73.83,54,51,145.95
2019-10-19,69.26,71.79,89,50,140.51
2019-10-20,74.76,73.44,60,46,134.16
2019-10-21,96.42,69.2,50,48,150.27
2019-10-22,92.28,80.83,91,47,161.53
2019-10-23,79.36,70.3,50,48,138.72
2019-10-24,75.38,70.9,88,49,147.4
2019-10-25,76.2,72.68,95,51,146.36
2019-10-26,81.14,77.86,54,53,149.23
2019-10-27,64.77,74.04,98,46,143.05
2019-10-28,72.43,70.29,71,52,138.02
2019-10-29,58.31,77.76,75,47,138.62
2019-10-30,78.99,76.19,55,53,143.03
2019-10-31,81.47,75.62,81,54,152.38
2019-11-01,70.17,76.15,97,48,144.27
2019-11-02,90.74,81.18,60,47,156.28
2019-11-03,62.74,80.56,59,54,138.96
2019-11-04,60.36,71.94,96,50,136.73
2019-11-05,77.24,78.87,88,54,152.29
2019-11-06,85.47,75.15,83,53,152.1
2019-11-07,91.84,75.5,80,51,155.47
2019-11-08,70.41,68.92,61,48,133.49
2019-11-09,85.79,73.49,93,47,152.16
2019-11-10,74.61,71.56,65,54,141.59
2019-11-11,73.27,76.48,87,48,145.22
2019-11-12,83.84,77.21,52,47,145.26
2019-11-13,81.52,67.78,51,47,133.66
2019-11-14,59.24,73.93,54,53,130.59
2019-11-15,89.77,77.37,60,48,151.31
2019-11-16,88.8,73.44,74,53,153.92
2019-11-17,68.74,76.19,84,54,146.34
2019-11-18,78.96,75.05,84,49,146.26
2019-11-19,79.94,75.02,71,51,148.54
2019-11-20,77.61,73.19,86,49,147.06
2019-11-21,69.5,70.35,71,45,137.56
2019-11-22,68.28,70.64,60,46,129.49
2019-11-23,74.74,76.13,81,49,146.18
2019-11-24,86.73,74.06,84,50,155.15
2019-11-25,80.44,73.58,80,51,148.04
2019-11-26,71.29,72.73,94,46,140.93
2019-11-27,82.72,73.08,57,54,144.87
2019-11-28,46.51,77.14,69,53,131.49
2019-11-29,86.49,72.99,91,50,150.39
2019-11-30,57.6,69.98,83,46,129.48
2019-12-01,71.38,76.23,53,46,135.66
2019-12-02,63.8,73.39,67,47,132.29
2019-12-03,62.05,74.09,53,45,130.49
2019-12-04,86.61,78.82,69,53,154.53
2019-12-05,70.32,73.94,58,54,140.41
2019-12-06,78.47,74.87,65,48,141.49
2019-12-07,74.53,70.46,75,49,142.25
2019-12-08,79.77,73.34,87,51,149.86
2019-12-09,75.77,75.83,74,45,145.9
2019-12-10,62.17,69.33,53,47,126.06
2019-12-11,84.96,74.6,90,47,153.06
2019-12-12,70.06,74.3,94,46,144.85
2019-12-13,59.43,74.12,90,52,139.82
2019-12-14,70.72,77.11,87,49,149.42
2019-12-15,90.01,75.0,68,45,146.78
2019-12-16,83.5,78.43,63,46,148.8
2019-12-17,71.51,71.02,70,45,135.41
2019-12-18,71.51,74.41,64,50,139.28
2019-12-19,71.78,74.25,52,53,142.36
2019-12-20,95.77,70.79,86,51,155.55
2019-12-21,78.82,76.87,99,49,154.79
2019-12-22,79.3,80.97,95,47,152.75
2019-12-23,85.3,73.95,65,52,151.38
2019-12-24,77.39,75.52,63,54,146.4
2019-12-25,72.41,74.25,58,48,137.88
2019-12-26,73.04,71.86,96,53,143.94
2019-12-27,74.28,68.54,56,49,134.54
2019-12-28,74.63,71.88,63,50,138.51
2019-12-29,82.28,69.82,55,49,144.22
2019-12-30,75.52,79.11,70,54,149.7
2019-12-31,82.33,73.65,64,51,145.43
2020-01-01,74.19,72.96,57,51,138.51
2020-01-02,75.79,76.67,83,45,143.19
2020-01-03,55.02,70.63,89,46,133.36
2020-01-04,84.16,71.7,50,51,145.87
2020-01-05,78.46,74.2,81,52,148.51
2020-01-06,84.98,77.09,98,48,160.62
2020-01-07,46.04,75.51,54,50,123.8
2020-01-08,95.88,74.74,79,54,162.32
2020-01-09,73.6,74.23,71,47,142.38
2020-01-10,86.08,75.2,69,51,149.96
2020-01-11,64.6,74.6,65,47,135.31
2020-01-12,81.13,70.91,56,51,142.85
2020-01-13,64.47,74.14,56,52,132.58
2020-01-14,68.76,70.78,99,47,141.76
2020-01-15,94.14,74.24,99,46,160.96
2020-01-16,73.09,72.56,51,50,135.72
2020-01-17,77.17,81.62,96,48,154.38
2020-01-18,83.7,73.88,63,52,145.71
2020-01-19,79.96,69.79,80,46,141.84
2020-01-20,76.5,73.6,99,48,147.77
2020-01-21,78.65,75.56,90,46,151.79
2020-01-22,99.03,79.02,63,46,157.6
2020-01-23,74.42,72.23,54,46,135.18
2020-01-24,77.01,69.25,60,45,135.92
2020-01-25,85.51,76.45,89,48,150.85
2020-01-26,86.06,69.86,54,46,136.6
2020-01-27,86.87,72.69,78,53,149.61
2020-01-28,81.39,73.23,60,53,146.56
2020-01-29,63.57,73.79,54,51,133.47
2020-01-30,91.33,76.07,98,50,161.99
2020-01-31,63.54,71.95,81,47,132.34
2020-02-01,78.03,73.18,85,51,147.45
2020-02-02,67.46,73.96,64,45,131.76
2020-02-03,74.36,74.45,68,53,144.81
2020-02-04,78.29,74.29,71,48,141.85
2020-02-05,78.21,75.31,83,50,148.29
2020-02-06,79.22,76.53,66,50,147.37
2020-02-07,91.14,75.18,61,47,149.74
2020-02-08,79.54,75.36,74,48,142.29
2020-02-09,72.56,69.25,66,54,142.46
2020-02-10,84.64,74.15,59,47,144.41
2020-02-11,86.89,75.44,77,50,149.67
2020-02-12,62.72,76.19,67,45,136.01
2020-02-13,80.97,71.92,67,52,147.12
2020-02-14,82.01,72.02,94,52,151.02
2020-02-15,72.02,72.28,81,53,146.81
2020-02-16,88.76,75.61,63,50,149.86
2020-02-17,73.5,77.1,65,45,141.63
2020-02-18,76.26,72.78,99,47,148.3
2020-02-19,73.27,76.72,67,45,144.27
2020-02-20,75.16,74.37,65,49,138.2
2020-02-21,64.04,73.63,66,47,138.61
2020-02-22,60.6,73.37,56,46,131.6
2020-02-23,90.95,76.24,61,47,152.16
2020-02-24,66.53,74.98,83,53,141.4
2020-02-25,65.09,80.83,59,52,139.75
2020-02-26,53.47,71.44,54,47,124.11
2020-02-27,68.61,75.55,70,46,139.6
2020-02-28,61.77,72.41,52,49,130.62
2020-02-29,91.42,71.39,68,45,148.39
2020-03-01,85.1,73.97,94,48,153.9
2020-03-02,68.12,74.41,93,52,140.63
2020-03-03,97.52,82.75,84,45,163.49
2020-03-04,84.82,73.45,55,49,142.38
2020-03-05,71.75,70.61,63,48,136.06
2020-03-06,50.01,74.82,53,50,128.07
2020-03-07,97.91,67.78,94,51,155.45
2020-03-08,61.1,73.72,67,53,134.12
2020-03-09,58.55,74.05,78,45,130.77
2020-03-10,85.23,76.38,84,54,154.61
2020-03-11,99.4,76.92,87,48,163.68
2020-03-12,88.84,72.49,65,50,150.87
2020-03-13,80.64,73.55,69,54,150.96
2020-03-14,80.95,71.7,73,51,144.02
2020-03-15,83.53,70.62,84,51,150.28
2020-03-16,82.59,74.93,93,52,155.8
2020-03-17,77.81,70.18,68,54,146.74
2020-03-18,76.04,72.76,53,52,138.57
2020-03-19,74.37,71.01,82,52,139.83
2020-03-20,67.46,75.65,51,52,136.64
2020-03-21,72.19,79.4,62,52,150.86
2020-03-22,58.07,70.1,94,50,132.53
2020-03-23,74.02,68.44,79,53,142.44
2020-03-24,65.11,73.63,83,47,133.64
2020-03-25,63.96,74.05,79,50,142.05
2020-03-26,76.8,74.66,73,49,141.15
2020-03-27,88.92,72.66,97,52,152.1
2020-03-28,84.18,73.4,93,48,152.03
2020-03-29,59.29,75.1,82,48,136.3
2020-03-30,65.1,77.12,90,54,148.6
2020-03-31,84.41,68.13,98,54,153.45
2020-04-01,65.18,72.89,59,49,129.72
2020-04-02,72.75,74.64,67,50,141.46
2020-04-03,80.5,71.25,68,48,141.5
2020-04-04,65.32,79.19,56,46,134.07
2020-04-05,76.05,72.09,68,46,140.77
2020-04-06,61.66,73.88,73,47,136.28
2020-04-07,68.99,75.67,64,46,136.12
2020-04-08,78.2,72.23,90,45,144.53
2020-04-09,59.07,68.46,91,52,133.88
2020-04-10,79.4,72.71,72,49,143.39
2020-04-11,74.8,77.09,53,54,143.3
2020-04-12,80.52,72.99,87,45,145.28
2020-04-13,77.24,71.46,53,53,140.86
2020-04-14,88.64,76.78,54,52,150.23
2020-04-15,76.25,73.01,90,48,147.01
2020-04-16,70.71,72.47,93,52,143.82
2020-04-17,76.22,74.45,72,54,147.99
2020-04-18,80.43,76.31,89,51,151.39
2020-04-19,75.49,81.15,86,51,154.12
2020-04-20,75.41,76.48,60,45,139.23
2020-04-21,67.98,77.48,60,50,141.54
2020-04-22,68.37,72.48,62,48,131.85
2020-04-23,60.97,70.92,63,54,132.91
2020-04-24,92.5,74.19,57,54,152.11
2020-04-25,62.56,74.32,74,54,138.7
2020-04-26,68.07,70.76,67,46,131.48
2020-04-27,67.82,73.47,93,54,144.68
2020-04-28,83.95,75.2,93,51,152.41
2020-04-29,72.05,75.08,67,53,142.72
2020-04-30,87.48,75.51,59,49,148.53
2020-05-01,68.27,74.87,56,52,138.72
2020-05-02,77.79,72.48,99,49,149.09
2020-05-03,66.65,72.46,93,51,145.81
2020-05-04,96.45,70.4,63,51,151.27
2020-05-05,63.12,79.35,64,53,140.39
2020-05-06,78.1,74.04,65,47,148.96
2020-05-07,81.34,73.33,51,45,139.72
2020-05-08,79.14,71.21,79,46,145.16
2020-05-09,73.15,82.81,79,50,152.09
2020-05-10,73.7,70.78,67,54,145.91
2020-05-11,75.44,72.71,80,54,143.57
2020-05-12,73.53,75.25,93,53,146.33
2020-05-13,84.64,75.8,97,47,152.09
2020-05-14,97.11,76.87,62,54,159.51
2020-05-15,69.43,79.42,69,46,139.99
2020-05-16,61.3,75.52,98,45,135.03
2020-05-17,74.12,70.83,99,46,142.09
2020-05-18,100.8,73.23,84,47,160.1
2020-05-19,66.96,74.92,72,51,138.21
2020-05-20,91.39,80.2,91,46,162.48
2020-05-21,91.78,69.81,82,49,149.56
2020-05-22,69.46,77.61,87,46,144.19
2020-05-23,80.69,74.54,84,51,149.56
2020-05-24,91.28,76.51,85,54,160.36
2020-05-25,71.21,73.69,69,52,142.06
2020-05-26,72.96,71.47,52,52,140.53
2020-05-27,69.18,76.25,57,52,141.29
2020-05-28,64.85,75.96,89,54,143.64
2020-05-29,68.51,76.92,81,53,146.56
2020-05-30,62.76,73.96,78,45,136.42
2020-05-31,75.34,72.2,56,45,140.75
2020-06-01,67.3,69.32,51,54,132.72
2020-06-02,77.34,76.46,70,46,144.4
2020-06-03,59.44,75.27,55,50,134.51
2020-06-04,78.31,71.1,77,45,137.77
2020-06-05,83.34,72.38,97,49,151.4
2020-06-06,55.06,72.6,91,49,135.21
2020-06-07,78.74,69.55,85,48,145.98
2020-06-08,87.28,71.55,81,49,145.88
2020-06-09,62.9,70.6,94,45,132.84
2020-06-10,91.73,72.76,91,50,151.46
2020-06-11,79.19,71.78,95,51,151.19
2020-06-12,67.95,69.12,58,52,134.07
2020-06-13,74.44,80.07,60,46,146.56
2020-06-14,80.58,77.76,72,51,150.51
2020-06-15,75.76,71.66,99,50,152.07
2020-06-16,80.39,74.82,60,53,144.7
2020-06-17,65.79,75.25,98,52,144.54
2020-06-18,76.69,77.57,51,48,143.1
2020-06-19,60.86,71.54,52,53,129.23
2020-06-20,73.89,77.28,60,45,141.49
2020-06-21,65.96,72.36,99,50,142.04
2020-06-22,67.64,69.99,84,52,139.04
2020-06-23,87.36,76.17,64,48,149.9
2020-06-24,85.91,77.87,92,46,156.66
2020-06-25,81.09,81.76,60,46,148.38
2020-06-26,64.08,70.4,80,54,135.53
2020-06-27,71.84,76.1,77,45,142.01
2020-06-28,87.13,72.77,77,49,149.13
2020-06-29,76.42,76.35,81,50,146.13
2020-06-30,98.19,69.59,74,48,149.92
2020-07-01,78.93,70.21,69,48,143.19
2020-07-02,76.92,71.67,77,49,144.72
2020-07-03,71.91,74.24,74,49,144.65
2020-07-04,76.34,72.08,60,53,141.97
2020-07-05,73.48,75.98,68,52,146.62
2020-07-06,82.08,77.08,77,53,150.93
2020-07-07,84.57,75.8,50,47,141.06
2020-07-08,67.14,78.86,54,47,136.17
2020-07-09,61.69,75.25,59,45,131.1
2020-07-10,56.64,70.35,91,54,136.18
2020-07-11,80.08,78.09,95,50,157.08
2020-07-12,63.97,72.18,83,48,137.37
2020-07-13,53.47,76.73,85,52,140.98
2020-07-14,78.89,78.72,51,46,143.75
2020-07-15,99.93,75.37,67,46,156.86
2020-07-16,74.94,69.51,62,51,139.15
2020-07-17,83.38,71.25,54,49,143.09
2020-07-18,75.82,77.97,69,45,144.89
2020-07-19,74.01,73.49,51,51,136.44
2020-07-20,84.19,74.24,60,51,149.11
2020-07-21,72.1,76.28,79,54,152.09
2020-07-22,77.67,76.09,81,50,146.91
2020-07-23,78.22,74.84,81,48,146.92
2020-07-24,68.32,73.37,99,52,142.75
2020-07-25,84.92,73.06,87,46,151.31
2020-07-26,73.25,76.57,77,46,145.11
2020-07-27,67.44,75.66,59,46,132.79
2020-07-28,80.37,73.23,71,47,141.88
2020-07-29,66.02,77.25,66,50,135.44
2020-07-30,75.28,73.61,71,45,143.9
2020-07-31,74.91,71.45,92,46,141.82
2020-08-01,85.86,71.72,68,54,149.23
2020-08-02,79.75,71.06,66,46,140.17
2020-08-03,74.75,73.18,73,45,142.47
2020-08-04,83.18,77.7,85,47,153.89
2020-08-05,88.9,71.58,81,54,155.02
2020-08-06,80.58,74.57,95,51,150.88
2020-08-07,75.1,72.03,85,45,143.55
2020-08-08,61.88,73.22,77,51,138.46
2020-08-09,64.35,69.47,63,49,132.59
2020-08-10,71.95,73.34,85,53,142.76
2020-08-11,68.9,73.42,55,46,131.82
2020-08-12,73.13,75.62,58,45,141.95
2020-08-13,75.57,74.67,70,53,149.46
2020-08-14,80.3,70.4,61,52,142.56
2020-08-15,74.3,77.25,79,54,149.04
2020-08-16,79.87,74.63,80,50,148.94
2020-08-17,75.64,74.6,89,49,148.52
2020-08-18,55.25,73.97,53,52,126.04
2020-08-19,65.61,72.45,80,52,139.78
2020-08-20,73.56,74.65,76,49,141.5
2020-08-21,62.9,75.43,74,51,138.34
2020-08-22,81.0,68.76,54,45,135.14
2020-08-23,90.31,72.38,55,48,145.79
2020-08-24,87.19,73.24,54,46,145.06
2020-08-25,72.87,74.77,76,54,144.5
2020-08-26,89.91,77.58,57,47,148.71
2020-08-27,76.49,71.68,58,45,140.25
2020-08-28,71.63,72.51,64,46,134.61
2020-08-29,68.87,72.46,85,45,134.17
2020-08-30,71.98,71.6,90,52,145.6
2020-08-31,71.12,72.96,56,48,135.66
2020-09-01,76.7,76.31,81,47,146.71
2020-09-02,76.61,70.84,57,45,136.85
2020-09-03,75.03,75.28,96,46,149.99
2020-09-04,79.37,68.89,64,47,142.76
2020-09-05,86.91,72.32,86,47,151.2
2020-09-06,84.5,73.01,68,50,145.36
2020-09-07,60.15,79.02,88,54,144.2
2020-09-08,49.46,73.18,55,52,126.4
2020-09-09,84.34,67.4,68,50,145.13
2020-09-10,61.33,68.0,77,46,129.88
2020-09-11,72.75,74.1,66,46,138.01
2020-09-12,63.3,75.84,91,51,140.54
2020-09-13,56.98,75.13,68,45,130.16
2020-09-14,80.41,74.5,80,45,143.35
2020-09-15,82.59,77.49,60,51,149.83
2020-09-16,69.23,72.38,64,53,139.1
2020-09-17,49.09,76.68,59,49,127.45
2020-09-18,69.54,69.1,92,45,139.34
2020-09-19,78.92,71.29,72,49,146.18
2020-09-20,60.21,68.58,52,45,123.75
2020-09-21,76.83,73.18,52,54,142.19
2020-09-22,74.85,73.86,67,53,143.16
2020-09-23,80.79,74.34,74,48,147.85
2020-09-24,76.2,74.19,92,53,149.95
2020-09-25,65.27,71.22,69,46,135.25
2020-09-26,86.97,73.43,78,51,154.29
2020-09-27,73.41,69.51,71,46,137.49
2020-09-28,74.73,78.09,99,48,150.95
2020-09-29,65.67,73.09,64,50,135.13
2020-09-30,70.57,72.53,88,46,141.93
2020-10-01,66.15,78.77,59,46,138.47
2020-10-02,73.27,70.27,70,46,136.63
2020-10-03,92.12,70.62,78,47,151.45
2020-10-04,61.28,70.71,81,49,132.49
2020-10-05,58.86,73.8,59,53,133.56
2020-10-06,89.71,75.29,62,50,150.08
2020-10-07,72.91,76.22,96,53,151.96
2020-10-08,68.31,81.72,72,54,147.12
2020-10-09,85.4,67.25,99,49,152.69
2020-10-10,68.94,75.83,72,50,141.51
2020-10-11,93.26,72.33,80,54,157.29
2020-10-12,81.78,72.24,53,52,140.66
2020-10-13,70.12,72.14,98,47,145.7
2020-10-14,96.57,71.27,52,46,148.29
2020-10-15,68.94,79.05,70,47,145.59
2020-10-16,82.42,76.53,51,53,147.47
2020-10-17,77.99,74.07,53,50,141.22
2020-10-18,88.02,78.05,50,54,151.23
2020-10-19,90.62,69.46,64,48,148.02
2020-10-20,75.32,70.01,82,54,145.64
2020-10-21,67.47,67.47,55,47,126.28
2020-10-22,79.6,71.9,56,46,138.34
2020-10-23,68.22,74.49,68,48,139.57
2020-10-24,95.13,74.31,93,53,160.34
2020-10-25,76.37,74.45,50,48,137.74
2020-10-26,71.35,69.77,88,49,141.11
2020-10-27,76.85,76.41,68,52,147.01
2020-10-28,61.53,74.72,94,46,137.56
2020-10-29,65.28,76.2,75,47,142.16
2020-10-30,87.0,68.32,93,50,150.16
2020-10-31,68.43,74.93,61,51,136.18
2020-11-01,64.53,70.44,71,48,130.03
2020-11-02,80.37,72.81,62,45,143.41
2020-11-03,86.86,75.6,77,51,151.3
2020-11-04,82.19,74.27,63,53,147.89
2020-11-05,84.96,71.45,71,45,143.08
2020-11-06,67.43,74.02,79,45,137.77
2020-11-07,60.78,69.41,93,45,133.79
2020-11-08,90.01,77.45,69,54,154.04
2020-11-09,71.77,73.38,93,51,144.96
2020-11-10,72.49,77.36,76,53,145.73
2020-11-11,88.28,72.42,87,47,149.87
2020-11-12,80.56,72.43,91,52,149.73
2020-11-13,79.56,71.71,90,53,148.35
2020-11-14,96.65,76.63,83,47,161.14
2020-11-15,68.56,71.87,88,47,138.3
2020-11-16,84.28,75.93,90,45,152.72
2020-11-17,75.57,72.85,93,46,146.06
2020-11-18,77.69,68.07,86,51,140.77
2020-11-19,90.28,72.29,50,47,144.49
2020-11-20,80.08,70.46,64,51,142.5
2020-11-21,80.38,74.1,81,49,148.74
2020-11-22,85.73,70.43,57,54,145.71
2020-11-23,71.35,76.78,82,52,148.72
2020-11-24,66.61,73.73,67,49,137.06
2020-11-25,64.55,73.47,94,47,140.7
2020-11-26,55.34,75.97,78,53,134.89
2020-11-27,95.56,76.89,81,51,161.47
2020-11-28,63.97,73.94,82,49,142.31
2020-11-29,72.79,71.69,54,51,138.37
2020-11-30,72.23,68.68,67,54,140.89
2020-12-01,78.07,71.94,97,53,149.71
2020-12-02,83.16,72.15,59,49,145.76
2020-12-03,83.6,74.32,85,51,154.14
2020-12-04,69.17,72.96,82,53,143.26
2020-12-05,73.33,76.06,72,45,141.6
2020-12-06,77.83,72.16,89,48,143.23
2020-12-07,72.51,73.83,54,45,135.81
2020-12-08,91.07,77.55,83,52,160.42
2020-12-09,79.91,75.03,73,47,144.54
2020-12-10,82.35,73.82,66,46,142.13
2020-12-11,81.63,72.19,80,48,146.94
2020-12-12,86.73,72.1,56,47,144.88
2020-12-13,76.81,71.45,66,49,138.25
2020-12-14,62.03,72.38,77,52,136.6
2020-12-15,79.0,76.27,87,54,153.39
2020-12-16,68.49,73.33,71,52,142.6
2020-12-17,69.71,69.95,64,51,135.14
2020-12-18,80.86,79.3,86,52,159.33
2020-12-19,87.38,74.96,64,49,149.81
2020-12-20,75.21,69.78,99,54,145.35
2020-12-21,78.09,72.67,99,54,151.13
2020-12-22,92.02,74.33,74,50,152.25
2020-12-23,77.41,79.11,70,52,149.4
2020-12-24,101.02,70.68,87,45,157.99
2020-12-25,80.66,76.93,51,50,145.67
2020-12-26,57.39,78.2,76,50,134.93
2020-12-27,82.53,72.11,98,49,148.8
2020-12-28,78.81,73.17,81,48,146.86
2020-12-29,87.9,70.89,70,45,147.24
2020-12-30,81.73,73.39,53,54,144.37
2020-12-31,73.62,73.89,93,52,142.81
2021-01-01,62.76,75.98,68,50,134.72
2021-01-02,72.91,77.27,51,47,141.23
2021-01-03,66.49,71.76,75,47,134.32
2021-01-04,69.19,68.1,83,50,136.9
2021-01-05,80.89,73.94,63,51,146.89
2021-01-06,91.7,74.88,64,52,153.11
2021-01-07,78.95,74.75,69,49,148.26
2021-01-08,63.04,73.02,83,54,139.09
2021-01-09,79.45,74.37,85,50,147.45
2021-01-10,86.97,78.55,68,45,153.48
2021-01-11,68.9,75.15,58,50,138.15
2021-01-12,73.66,72.88,56,53,138.04
2021-01-13,75.15,72.5,79,54,146.83
2021-01-14,67.15,73.49,62,48,134.89
2021-01-15,81.48,78.91,76,54,151.93
2021-01-16,73.79,73.45,93,45,144.32
2021-01-17,79.2,73.94,84,53,149.65
2021-01-18,66.13,72.55,62,48,130.74
2021-01-19,70.63,77.3,64,46,137.89
2021-01-20,82.22,79.88,95,45,158.47
2021-01-21,71.27,75.35,58,47,138.31
2021-01-22,92.27,74.25,94,51,161.75
2021-01-23,71.0,74.11,72,54,143.91
2021-01-24,77.25,66.85,85,46,142.3
2021-01-25,84.33,76.24,89,53,157.0
2021-01-26,60.82,74.4,52,46,127.52
2021-01-27,57.39,75.29,83,49,136.98
2021-01-28,59.74,71.87,68,52,131.03
2021-01-29,87.63,72.85,77,54,155.11
2021-01-30,69.48,72.77,72,52,140.74
2021-01-31,100.58,77.06,89,47,163.34
2021-02-01,69.36,72.86,98,46,141.63
2021-02-02,76.85,80.25,94,53,157.2
2021-02-03,90.42,75.29,56,47,148.87
2021-02-04,95.06,70.17,90,52,153.36
2021-02-05,95.62,73.61,61,46,148.03
2021-02-06,87.08,72.04,63,47,143.45
2021-02-07,85.24,67.42,95,45,148.15
2021-02-08,80.93,78.8,64,50,151.11
2021-02-09,82.78,76.11,52,51,147.11
2021-02-10,69.49,75.6,64,48,139.6
2021-02-11,66.82,74.5,73,45,139.68
2021-02-12,74.97,69.85,95,47,144.05
2021-02-13,73.3,72.55,57,53,141.19
2021-02-14,70.47,76.53,54,49,138.78
2021-02-15,81.96,70.85,53,50,140.53
2021-02-16,84.55,66.4,63,48,139.9
2021-02-17,75.88,73.32,65,45,143.79
2021-02-18,89.78,73.57,69,49,148.85
2021-02-19,63.58,74.41,73,49,137.4
2021-02-20,73.06,76.19,55,49,137.26
2021-02-21,67.83,75.91,80,50,141.21
2021-02-22,56.33,74.78,55,46,129.17
2021-02-23,74.17,77.59,84,45,142.25
2021-02-24,73.78,69.44,64,46,137.43
2021-02-25,90.13,75.51,78,54,161.19
2021-02-26,81.31,75.88,52,50,145.62
2021-02-27,64.76,70.28,60,49,134.1
2021-02-28,93.54,69.49,52,49,147.11
2021-03-01,87.21,71.76,77,50,151.56
2021-03-02,80.82,72.02,59,54,145.81
2021-03-03,72.74,76.26,99,51,148.93
2021-03-04,65.41,72.16,82,53,138.67
2021-03-05,71.28,71.43,97,51,147.17
2021-03-06,85.89,72.17,65,46,145.18
2021-03-07,93.85,77.36,59,50,154.71
2021-03-08,90.43,74.04,82,53,156.07
2021-03-09,70.11,73.46,85,51,143.95
2021-03-10,63.8,73.67,52,46,128.25
2021-03-11,76.41,77.88,54,47,142.08
2021-03-12,57.32,71.75,61,52,130.61
2021-03-13,78.23,77.95,93,53,151.84
2021-03-14,73.52,74.63,62,48,140.64
2021-03-15,70.34,73.52,73,53,140.32
2021-03-16,59.05,81.5,93,46,142.86
2021-03-17,80.14,70.83,81,49,149.77
2021-03-18,69.67,72.94,65,46,135.91
2021-03-19,63.3,70.3,81,45,130.77
2021-03-20,46.28,76.86,94,49,133.03
2021-03-21,74.72,79.07,86,46,149.24
2021-03-22,92.72,79.01,85,51,159.47
2021-03-23,91.61,77.67,70,52,153.67
2021-03-24,70.43,73.41,96,46,141.32
2021-03-25,68.98,72.9,61,51,137.31
2021-03-26,79.69,68.99,70,48,140.09
2021-03-27,65.02,80.11,70,45,141.75
2021-03-28,78.02,75.41,92,47,150.07
2021-03-29,82.66,72.52,55,45,141.32
2021-03-30,87.27,77.98,58,49,147.36
2021-03-31,74.0,71.08,50,52,138.53
2021-04-01,72.96,75.22,61,45,142.61
2021-04-02,66.22,73.48,63,53,139.34
2021-04-03,66.73,75.92,55,47,133.96
2021-04-04,72.74,73.81,50,49,136.92
2021-04-05,78.67,69.65,71,53,144.54
2021-04-06,84.14,74.23,83,49,153.74
2021-04-07,66.97,77.15,60,53,138.99
2021-04-08,89.93,73.91,52,54,149.55
2021-04-09,72.29,76.33,91,52,148.55
2021-04-10,74.79,70.86,55,51,137.8
2021-04-11,67.53,73.92,55,45,134.74
2021-04-12,50.76,72.13,69,48,126.48
2021-04-13,83.84,76.24,70,53,149.0
2021-04-14,82.37,74.09,51,54,144.58
2021-04-15,72.19,76.07,75,52,143.91
2021-04-16,75.67,77.26,80,48,142.78
2021-04-17,80.16,76.07,75,45,148.31
2021-04-18,59.37,74.82,81,54,138.95
2021-04-19,69.71,71.01,59,48,133.35
2021-04-20,82.94,73.99,72,47,148.66
2021-04-21,62.46,72.4,55,50,132.0
2021-04-22,77.94,72.97,72,49,141.46
2021-04-23,61.43,72.88,77,49,136.28
2021-04-24,79.66,71.06,98,46,149.99
2021-04-25,74.64,68.13,79,47,138.31
2021-04-26,58.85,72.0,63,50,130.37
2021-04-27,86.65,74.58,86,46,152.07
2021-04-28,67.65,69.96,81,48,134.32
2021-04-29,66.9,74.05,98,46,142.26
2021-04-30,77.01,79.7,83,53,151.28
2021-05-01,86.49,77.07,90,47,155.03
2021-05-02,64.84,78.93,93,54,147.98
2021-05-03,75.62,75.17,71,54,147.77
2021-05-04,79.29,77.5,80,50,151.71
2021-05-05,81.93,71.83,56,45,138.47
2021-05-06,76.76,72.07,90,54,149.09
2021-05-07,71.33,65.78,70,47,134.84
2021-05-08,66.72,77.56,65,52,138.77
2021-05-09,75.86,78.62,69,49,150.2
2021-05-10,64.28,72.34,92,52,138.89
2021-05-11,45.79,73.24,93,46,130.92
2021-05-12,79.37,71.74,96,51,147.8
2021-05-13,84.04,75.15,99,53,156.73
2021-05-14,51.37,77.37,68,51,131.44
2021-05-15,64.9,68.77,97,47,134.13
2021-05-16,81.19,75.23,81,51,151.99
2021-05-17,95.57,73.17,64,52,156.18
2021-05-18,75.21,74.34,54,45,139.14
2021-05-19,67.72,75.38,60,47,135.94
2021-05-20,73.17,73.44,64,49,138.55
2021-05-21,88.75,73.69,78,50,155.0
2021-05-22,68.54,73.36,99,47,143.54
2021-05-23,67.01,76.91,94,48,143.02
2021-05-24,70.17,75.26,53,49,137.84
2021-05-25,65.47,74.66,98,47,138.76
2021-05-26,76.23,70.19,85,48,143.1
2021-05-27,91.25,72.86,97,49,158.25
2021-05-28,78.23,76.7,72,46,145.34
2021-05-29,72.48,74.11,64,54,144.0
2021-05-30,72.08,75.98,95,53,151.16
2021-05-31,59.37,79.3,93,54,145.21
2021-06-01,83.83,77.12,52,52,151.93
2021-06-02,74.22,74.28,81,50,147.86
2021-06-03,73.2,72.47,59,54,141.95
2021-06-04,106.93,66.34,89,47,159.24
2021-06-05,77.99,73.49,87,46,145.48
2021-06-06,67.48,73.02,71,51,137.31
2021-06-07,70.74,75.17,63,52,142.77
2021-06-08,86.48,73.54,66,54,150.52
2021-06-09,76.13,73.04,70,45,138.58
2021-06-10,60.62,68.66,97,50,134.1
2021-06-11,84.19,71.18,64,51,144.42
2021-06-12,68.32,75.43,64,53,144.14
2021-06-13,93.73,79.15,50,47,154.75
2021-06-14,85.8,73.71,73,46,148.11
2021-06-15,70.53,74.98,61,49,139.83
2021-06-16,87.81,76.86,59,54,154.03
2021-06-17,75.68,71.57,95,45,142.42
2021-06-18,83.53,75.1,91,50,151.06
2021-06-19,79.85,71.78,91,53,152.13
2021-06-20,66.54,76.59,80,54,141.5
2021-06-21,68.56,74.45,60,53,139.17
2021-06-22,85.3,74.9,65,51,148.15
2021-06-23,71.65,71.65,58,51,137.86
2021-06-24,70.96,76.12,96,52,148.17
2021-06-25,65.45,80.25,63,54,144.14
2021-06-26,79.24,70.98,68,46,136.3
2021-06-27,95.63,72.98,80,50,159.0
2021-06-28,64.32,74.69,58,49,135.92
2021-06-29,75.24,76.36,85,49,149.76
2021-06-30,89.12,72.32,88,47,154.22
2021-07-01,74.2,65.5,75,47,136.05
2021-07-02,79.52,78.08,57,50,145.29
2021-07-03,64.38,76.28,73,54,142.13
2021-07-04,79.28,68.77,57,54,141.57
2021-07-05,73.13,72.18,68,51,142.47
2021-07-06,84.86,78.7,96,45,156.82
2021-07-07,86.87,78.34,97,47,157.89
2021-07-08,100.9,76.82,79,45,161.16
2021-07-09,80.8,73.47,71,54,149.5
2021-07-10,78.26,74.25,58,47,143.63
2021-07-11,76.94,73.61,93,49,151.62
2021-07-12,71.47,77.38,97,53,151.88
2021-07-13,78.38,71.37,53,47,139.28
2021-07-14,72.05,71.58,86,54,144.25
2021-07-15,76.68,77.03,57,54,145.35
2021-07-16,88.18,73.87,50,53,147.05
2021-07-17,64.93,78.14,77,45,132.97
2021-07-18,86.4,71.99,55,50,143.75
2021-07-19,88.17,73.84,96,53,157.33
2021-07-20,73.82,71.23,85,49,142.17
2021-07-21,53.78,74.02,60,54,131.4
2021-07-22,68.92,69.56,54,46,129.2
2021-07-23,87.97,72.54,99,49,153.59
2021-07-24,74.77,69.69,73,45,133.49
2021-07-25,65.01,76.08,96,53,146.51
2021-07-26,69.95,76.15,67,54,141.52
2021-07-27,83.41,68.81,69,54,144.46
2021-07-28,80.47,78.0,77,53,153.71
2021-07-29,72.61,81.49,62,50,144.39
2021-07-30,71.33,74.14,54,53,140.17
2021-07-31,71.08,72.08,79,47,137.2
2021-08-01,65.78,82.47,50,48,139.4
2021-08-02,91.15,70.04,71,50,148.71
2021-08-03,71.78,74.06,67,48,139.18
2021-08-04,87.17,74.54,95,45,156.46
2021-08-05,90.21,78.04,54,51,149.58
2021-08-06,84.98,75.08,80,49,154.4
2021-08-07,70.68,72.5,55,52,135.58
2021-08-08,79.04,71.15,76,53,147.78
2021-08-09,74.76,72.97,74,49,144.67
2021-08-10,65.96,70.98,78,52,138.82
2021-08-11,78.24,74.14,77,45,141.72
2021-08-12,63.21,72.31,65,45,131.82
2021-08-13,86.88,69.52,61,51,150.56
2021-08-14,70.35,77.77,69,50,143.25
2021-08-15,77.01,72.51,67,49,141.91
2021-08-16,77.83,70.2,83,49,143.56
2021-08-17,72.41,73.5,72,53,144.17
2021-08-18,80.87,74.21,94,45,149.01
2021-08-19,70.25,68.76,76,52,138.93
2021-08-20,83.71,74.99,98,46,152.24
2021-08-21,61.54,70.86,66,51,130.24
2021-08-22,76.26,79.13,97,50,158.11
2021-08-23,94.39,75.57,70,54,157.9
2021-08-24,65.0,72.8,99,46,146.44
2021-08-25,68.22,71.76,89,47,140.49
2021-08-26,80.14,73.69,80,48,148.23
2021-08-27,76.8,75.84,52,51,142.03
2021-08-28,78.51,73.92,66,52,144.26
2021-08-29,79.89,73.35,99,46,148.84
2021-08-30,81.35,74.18,75,52,147.48
2021-08-31,86.1,72.19,72,53,148.46
2021-09-01,79.1,72.97,55,51,145.9
2021-09-02,72.59,67.74,77,45,137.25
2021-09-03,81.73,76.92,57,50,149.97
2021-09-04,94.0,74.9,94,52,163.37
2021-09-05,73.67,71.68,57,49,136.25
2021-09-06,65.25,79.7,68,46,136.43
2021-09-07,86.07,74.26,87,49,152.03
2021-09-08,73.8,70.89,78,52,142.77
2021-09-09,53.27,76.57,72,46,132.91
2021-09-10,83.47,75.19,96,45,151.83
2021-09-11,69.65,75.18,81,48,148.07
2021-09-12,74.09,72.72,59,48,137.57
2021-09-13,78.32,75.35,76,53,150.16
2021-09-14,76.9,73.21,98,47,146.62
2021-09-15,82.09,75.67,50,48,144.6
2021-09-16,70.65,68.29,88,47,137.86
2021-09-17,80.13,72.7,78,46,144.34
2021-09-18,72.4,79.17,94,48,148.34
2021-09-19,82.39,71.7,52,52,143.49
2021-09-20,81.15,72.19,96,45,149.82
2021-09-21,65.65,72.66,86,52,138.76
2021-09-22,85.86,70.36,80,52,149.7
2021-09-23,69.64,67.38,60,47,132.17
2021-09-24,83.08,73.31,71,54,151.06
2021-09-25,78.67,74.41,67,54,150.86
2021-09-26,93.38,73.84,84,50,158.06
2021-09-27,72.77,73.57,55,48,136.71
2021-09-28,71.51,74.13,52,45,133.97
2021-09-29,74.81,77.07,54,45,138.68
2021-09-30,71.97,73.43,58,49,136.75
2021-10-01,83.0,72.28,77,52,149.45
2021-10-02,58.84,73.16,68,45,130.77
2021-10-03,64.46,75.74,77,46,139.32
2021-10-04,64.32,78.24,76,51,143.21
2021-10-05,84.5,72.12,62,52,149.29
2021-10-06,92.11,74.3,87,47,154.26
2021-10-07,73.96,75.02,92,52,152.06
2021-10-08,73.31,71.02,70,45,136.05
2021-10-09,75.7,74.06,76,53,147.07
2021-10-10,86.62,69.6,95,46,149.26
2021-10-11,65.73,68.69,55,46,128.34
2021-10-12,77.38,75.1,87,48,149.25
2021-10-13,84.75,72.85,98,54,152.85
2021-10-14,80.01,74.61,60,47,141.53
2021-10-15,76.9,73.95,96,48,149.99
2021-10-16,85.01,71.07,90,50,150.86
2021-10-17,47.97,73.86,66,51,126.06
2021-10-18,81.78,70.3,88,49,145.17
2021-10-19,68.46,78.17,56,46,137.31
2021-10-20,56.69,69.93,79,47,130.62
2021-10-21,80.11,73.41,70,54,146.67
2021-10-22,88.74,70.87,50,47,146.17
2021-10-23,73.63,75.71,74,49,146.2
2021-10-24,84.53,73.01,81,49,149.12
2021-10-25,91.12,72.44,57,48,146.84
2021-10-26,88.15,76.56,54,52,145.41
2021-10-27,91.4,74.09,79,50,152.76
2021-10-28,82.42,75.55,57,50,144.02
2021-10-29,75.75,71.06,98,45,141.54
2021-10-30,58.98,69.79,68,50,129.74
2021-10-31,72.54,74.32,93,47,145.71
2021-11-01,66.57,73.04,79,50,142.8
2021-11-02,96.71,75.88,64,54,158.66
2021-11-03,73.24,73.76,85,50,140.89
2021-11-04,76.23,74.62,93,46,145.54
2021-11-05,80.51,69.13,76,45,142.53
2021-11-06,75.44,79.67,62,47,144.73
2021-11-07,91.95,73.51,63,49,152.79
2021-11-08,68.77,76.09,86,48,142.31
2021-11-09,76.95,71.49,97,51,150.57
2021-11-10,67.58,74.92,79,48,140.78
2021-11-11,61.8,70.09,88,52,137.3
2021-11-12,68.88,75.36,96,51,146.61
2021-11-13,74.63,72.93,62,54,140.99
2021-11-14,70.71,74.09,65,53,141.08
2021-11-15,68.08,76.09,93,45,143.41
2021-11-16,60.94,70.3,56,49,125.7
2021-11-17,74.17,71.95,97,48,145.62
2021-11-18,59.95,75.37,76,50,138.9
2021-11-19,82.6,80.29,94,45,155.96
2021-11-20,75.82,73.59,84,50,148.9
2021-11-21,60.42,75.77,64,45,132.99
2021-11-22,71.91,73.68,77,45,138.19
2021-11-23,67.48,79.83,84,52,148.73
2021-11-24,78.19,68.76,56,46,133.84
2021-11-25,88.4,74.28,99,54,158.85
2021-11-26,56.25,69.12,95,50,132.5
2021-11-27,76.15,66.48,99,50,142.32
2021-11-28,73.4,74.89,95,50,152.71
2021-11-29,81.71,74.42,69,52,148.22
2021-11-30,77.13,73.15,81,48,148.62
2021-12-01,67.48,73.68,87,47,141.02
2021-12-02,71.81,83.29,89,50,150.88
2021-12-03,67.04,73.23,81,48,138.19
2021-12-04,85.76,75.53,75,46,149.8
2021-12-05,75.21,72.05,88,50,144.69
2021-12-06,94.01,74.89,69,54,156.57
2021-12-07,74.39,73.29,67,49,142.31
2021-12-08,67.92,72.77,99,53,146.0
2021-12-09,59.86,79.46,64,50,138.66
2021-12-10,56.97,77.53,71,47,136.96
2021-12-11,59.16,74.41,71,49,132.78
2021-12-12,77.67,67.09,70,54,143.5
2021-12-13,80.09,72.92,51,52,145.37
2021-12-14,59.19,82.11,89,53,148.09
2021-12-15,83.95,73.31,92,52,149.9
2021-12-16,70.17,77.31,67,47,144.44
2021-12-17,76.47,78.33,72,53,148.17
2021-12-18,91.12,74.66,62,47,146.62
2021-12-19,83.97,71.47,90,52,155.11
2021-12-20,72.31,66.69,58,54,136.37
2021-12-21,66.09,76.05,98,53,147.7
2021-12-22,53.48,71.56,56,51,125.37
2021-12-23,67.81,74.53,90,48,142.67
2021-12-24,72.89,70.25,50,54,136.66
2021-12-25,65.13,73.2,51,53,133.09
2021-12-26,73.69,74.1,53,47,137.64
2021-12-27,75.77,74.81,63,47,141.63
2021-12-28,72.75,70.66,81,46,136.73
2021-12-29,68.5,77.59,85,54,147.28
2021-12-30,76.69,72.21,51,47,133.9
2021-12-31,79.42,68.98,89,45,146.97
2022-01-01,64.1,73.67,99,48,140.99
2022-01-02,89.11,74.1,63,52,149.21
2022-01-03,74.01,74.48,69,49,143.32
2022-01-04,75.19,78.09,74,46,143.89
2022-01-05,82.08,73.29,91,47,149.52
2022-01-06,77.33,73.64,98,45,148.32
2022-01-07,84.53,70.69,57,46,139.64
2022-01-08,77.87,76.46,77,45,149.69
2022-01-09,68.88,74.55,95,46,147.06
2022-01-10,78.62,72.74,70,47,141.81
2022-01-11,63.56,68.29,72,45,127.42
2022-01-12,76.09,78.33,81,53,149.96
2022-01-13,74.67,70.32,57,54,138.5
2022-01-14,72.92,72.23,80,49,144.25
2022-01-15,73.71,75.08,86,52,146.46
2022-01-16,56.18,70.41,65,49,125.21
2022-01-17,69.51,69.52,89,52,141.33
2022-01-18,75.93,67.63,91,51,140.38
2022-01-19,76.6,76.16,76,48,148.23
2022-01-20,64.72,72.36,89,51,141.23
2022-01-21,87.66,82.78,90,50,160.62
2022-01-22,66.34,71.02,67,47,132.54
2022-01-23,84.69,71.24,84,53,151.6
2022-01-24,79.27,72.3,98,54,149.8
2022-01-25,68.54,74.73,64,53,138.63
2022-01-26,92.75,72.59,76,49,152.97
2022-01-27,63.06,75.84,66,52,135.07
2022-01-28,84.19,71.06,89,51,149.76
2022-01-29,85.01,69.86,51,53,141.44
2022-01-30,68.29,68.61,98,51,143.81
2022-01-31,88.92,67.33,99,48,150.21
2022-02-01,72.5,72.45,80,48,139.56
2022-02-02,77.89,73.1,86,52,149.76
2022-02-03,77.6,72.11,90,50,145.99
2022-02-04,73.66,77.73,90,53,148.67
2022-02-05,83.11,77.68,83,54,157.39
2022-02-06,82.93,73.0,83,51,149.61
2022-02-07,57.51,68.62,52,51,126.99
2022-02-08,88.04,72.3,66,48,147.84
2022-02-09,58.38,72.2,63,47,129.14
2022-02-10,85.33,72.03,63,52,148.54
2022-02-11,86.27,71.91,95,51,152.52
2022-02-12,64.09,72.04,87,48,135.87
2022-02-13,70.89,72.84,84,48,144.01
2022-02-14,63.94,72.09,50,45,129.7
2022-02-15,72.85,74.62,97,51,148.18
2022-02-16,71.92,75.08,78,45,142.91
2022-02-17,82.8,71.27,53,54,145.37
2022-02-18,88.1,77.81,82,54,160.4
2022-02-19,88.96,71.06,66,48,145.14
2022-02-20,69.38,69.15,77,47,135.72
2022-02-21,72.91,75.14,99,47,149.42
2022-02-22,58.17,71.55,75,45,132.99
2022-02-23,66.94,74.96,57,48,134.46
2022-02-24,84.65,66.79,83,45,143.64
2022-02-25,91.16,78.18,67,52,156.67
2022-02-26,62.66,76.02,80,45,134.42
2022-02-27,69.08,69.5,76,50,136.67
2022-02-28,74.74,69.56,65,51,135.84
2022-03-01,77.8,79.02,59,54,148.36
2022-03-02,66.9,71.79,89,46,136.3
2022-03-03,79.24,71.5,61,48,141.28
2022-03-04,70.26,67.2,71,47,133.0
2022-03-05,74.86,72.95,65,53,142.12
2022-03-06,80.46,73.32,61,51,147.74
2022-03-07,75.06,76.15,60,46,141.1
2022-03-08,70.64,69.8,69,50,140.78
2022-03-09,73.9,69.44,50,53,137.29
2022-03-10,74.12,75.35,76,47,145.08
2022-03-11,71.3,77.02,52,50,138.06
2022-03-12,72.41,69.29,61,47,133.19
2022-03-13,90.99,77.24,79,47,155.72
2022-03-14,80.61,74.11,58,48,145.68
2022-03-15,72.05,77.28,86,53,148.02
2022-03-16,81.97,73.79,50,52,141.35
2022-03-17,71.66,66.43,91,45,137.64
2022-03-18,86.73,73.54,98,45,153.1
2022-03-19,78.7,77.18,53,51,143.96
2022-03-20,73.93,71.32,64,47,136.97
2022-03-21,79.48,72.84,76,51,144.91
2022-03-22,59.29,73.47,57,53,134.1
2022-03-23,63.73,65.3,72,47,128.43
2022-03-24,63.06,79.01,64,47,137.83
2022-03-25,76.43,71.3,76,46,139.9
2022-03-26,92.33,75.52,80,54,161.48
2022-03-27,97.31,73.74,88,45,157.92
2022-03-28,81.38,77.77,96,53,152.46
2022-03-29,80.01,75.22,57,50,145.5
2022-03-30,56.99,73.3,79,50,133.1
2022-03-31,69.57,71.32,91,52,142.67
2022-04-01,67.12,76.39,67,49,141.28
2022-04-02,68.79,68.38,53,53,133.26
2022-04-03,73.32,75.94,96,49,151.87
2022-04-04,70.28,70.7,92,46,140.34
2022-04-05,55.21,77.76,71,50,133.6
2022-04-06,82.48,74.48,52,53,142.35
2022-04-07,64.27,75.93,64,47,134.17
2022-04-08,77.39,74.25,84,54,148.99
2022-04-09,95.74,68.74,96,48,158.57
2022-04-10,65.81,71.42,87,54,140.1
2022-04-11,49.7,76.02,82,52,136.32
2022-04-12,72.14,74.5,63,50,138.19
2022-04-13,86.01,77.54,97,51,157.0
2022-04-14,94.58,75.21,50,51,154.67
2022-04-15,62.7,71.1,98,48,136.91
2022-04-16,79.97,71.61,75,50,147.47
2022-04-17,70.35,74.31,57,53,137.9
2022-04-18,73.94,67.06,99,47,139.86
2022-04-19,101.44,79.02,65,52,164.37
2022-04-20,59.97,75.33,87,51,137.52
2022-04-21,77.54,77.68,59,48,143.92
2022-04-22,79.68,69.26,91,54,149.2
2022-04-23,85.86,77.73,86,47,153.9
2022-04-24,75.98,80.69,75,51,149.52
2022-04-25,78.08,70.04,77,54,142.86
2022-04-26,71.08,76.31,61,53,145.3
2022-04-27,77.69,74.0,69,54,149.89
2022-04-28,71.57,69.37,98,47,142.19
2022-04-29,81.22,75.48,63,54,148.25
2022-04-30,71.3,76.5,95,53,149.13
2022-05-01,78.77,72.2,84,52,149.48
2022-05-02,74.71,77.5,78,47,147.99
2022-05-03,86.26,69.0,61,52,144.08
2022-05-04,74.49,69.52,67,48,139.85
2022-05-05,57.27,74.41,93,50,138.72
2022-05-06,87.62,74.08,51,54,151.15
2022-05-07,65.94,71.85,51,46,127.04
2022-05-08,68.46,76.43,66,52,140.58
2022-05-09,69.04,75.59,59,53,139.85
2022-05-10,88.74,76.57,67,51,152.47
2022-05-11,53.64,73.63,71,52,135.13
2022-05-12,106.38,75.81,68,51,162.75
2022-05-13,85.56,72.66,50,54,147.4
2022-05-14,77.23,80.16,73,48,149.37
2022-05-15,74.45,71.56,85,45,140.84
2022-05-16,77.86,80.32,74,47,147.85
2022-05-17,80.21,74.1,85,51,154.02
2022-05-18,81.45,69.87,80,51,145.83
2022-05-19,80.56,78.1,80,47,152.07
2022-05-20,75.9,74.38,51,45,137.72
2022-05-21,73.03,76.55,68,54,144.74
2022-05-22,73.49,77.67,61,53,145.15
2022-05-23,73.05,75.01,59,50,141.26
2022-05-24,86.34,72.22,80,51,150.14
2022-05-25,80.94,76.93,94,45,149.87
2022-05-26,45.6,74.0,71,45,124.21
2022-05-27,81.56,76.06,72,48,148.41
2022-05-28,76.95,67.54,72,51,138.8
2022-05-29,74.81,75.34,64,52,142.08
2022-05-30,71.11,72.08,75,54,143.03
2022-05-31,86.24,78.96,52,53,147.98
2022-06-01,84.48,75.87,72,45,147.76
2022-06-02,67.27,74.72,69,48,138.21
2022-06-03,79.07,75.46,94,48,154.08
2022-06-04,65.28,71.0,89,47,137.29
2022-06-05,61.2,78.87,88,51,142.32
2022-06-06,68.73,79.97,57,45,139.69
2022-06-07,83.62,75.18,67,53,148.78
2022-06-08,84.53,78.77,90,52,157.3
2022-06-09,80.13,72.29,55,46,139.97
2022-06-10,82.25,71.61,76,46,146.1
2022-06-11,80.16,74.12,85,52,149.05
2022-06-12,68.59,75.3,64,45,136.68
2022-06-13,79.32,72.82,86,51,144.96
2022-06-14,83.0,75.61,54,53,148.63
2022-06-15,82.54,74.92,88,47,150.1
2022-06-16,86.89,71.01,58,51,149.81
2022-06-17,82.08,75.56,56,50,146.6
2022-06-18,78.51,76.59,90,51,150.15
2022-06-19,85.7,74.51,69,51,148.15
2022-06-20,74.73,77.46,59,54,146.93
2022-06-21,66.18,70.35,75,45,137.08
2022-06-22,73.37,75.4,53,47,141.43
2022-06-23,67.55,70.49,87,54,138.9
2022-06-24,68.25,70.66,73,45,134.98
2022-06-25,73.55,72.11,63,49,141.17
2022-06-26,67.08,71.17,90,47,136.0
2022-06-27,71.92,72.36,50,45,135.61
2022-06-28,56.06,73.36,66,46,127.12
2022-06-29,77.13,76.51,94,54,152.86
2022-06-30,75.01,73.04,73,49,143.09
2022-07-01,66.83,69.24,76,47,136.33
2022-07-02,81.59,77.42,56,50,150.16
2022-07-03,84.38,71.49,58,53,145.27
2022-07-04,58.92,73.82,92,50,136.85
2022-07-05,67.37,75.34,84,46,139.4
2022-07-06,67.31,74.6,61,46,136.82
2022-07-07,65.6,77.28,70,52,143.18
2022-07-08,83.29,75.44,52,52,148.52
2022-07-09,73.06,71.42,64,50,139.31
2022-07-10,72.35,80.54,70,54,149.58
2022-07-11,54.96,74.58,59,51,129.48
2022-07-12,81.35,73.56,82,45,146.28
2022-07-13,62.61,76.89,95,53,146.29
2022-07-14,75.6,74.75,55,49,141.19
2022-07-15,77.77,75.2,51,53,142.58
2022-07-16,88.61,81.48,78,46,159.14
2022-07-17,61.91,73.17,89,52,138.27
2022-07-18,44.8,73.05,82,51,127.51
2022-07-19,76.84,74.35,53,48,137.7
2022-07-20,93.01,77.21,53,47,149.78
2022-07-21,87.39,69.48,78,48,147.66
2022-07-22,77.1,68.1,86,48,140.55
2022-07-23,70.08,72.24,69,54,140.18
2022-07-24,83.07,69.1,90,54,152.55
2022-07-25,65.26,72.73,72,52,137.49
2022-07-26,79.76,75.51,94,48,152.86
2022-07-27,80.05,71.33,67,49,141.43
2022-07-28,85.6,69.72,98,46,150.83
2022-07-29,102.6,74.21,74,48,157.72
2022-07-30,78.92,76.59,50,51,143.63
2022-07-31,69.91,68.92,64,47,134.56
2022-08-01,74.74,76.46,83,45,145.14
2022-08-02,57.31,76.45,97,52,142.83
2022-08-03,68.05,76.86,69,52,143.46
2022-08-04,70.91,77.66,86,50,146.25
2022-08-05,69.76,80.61,76,51,149.63
2022-08-06,76.52,72.93,71,54,146.33
2022-08-07,66.78,74.33,54,46,132.84
2022-08-08,86.21,72.75,83,49,151.32
2022-08-09,75.0,74.01,88,51,147.49
2022-08-10,74.91,78.6,52,53,145.13
2022-08-11,71.72,69.96,66,45,134.42
2022-08-12,76.55,71.42,73,47,141.91
2022-08-13,83.25,78.13,73,50,153.64
2022-08-14,66.33,77.06,52,51,138.2
2022-08-15,68.42,72.91,94,50,143.96
2022-08-16,71.96,76.56,56,45,137.93
2022-08-17,61.54,75.02,74,48,133.97
2022-08-18,66.81,78.5,52,50,136.03
2022-08-19,70.24,74.22,64,52,138.91
2022-08-20,83.74,77.08,78,54,153.67
2022-08-21,77.63,81.93,99,48,159.26
2022-08-22,76.94,75.79,78,51,150.4
2022-08-23,83.51,74.15,59,47,143.54
2022-08-24,73.63,76.17,81,52,148.21
2022-08-25,78.9,72.9,72,45,142.43
2022-08-26,73.97,81.16,88,48,151.38
2022-08-27,77.65,74.54,58,52,142.73
2022-08-28,69.17,73.18,86,54,148.73
2022-08-29,50.61,71.49,89,48,133.09
2022-08-30,73.66,77.29,63,46,141.04
2022-08-31,89.23,76.6,53,46,147.23
2022-09-01,84.26,72.51,69,48,148.21
2022-09-02,84.65,75.73,77,48,148.36
2022-09-03,87.36,69.47,63,46,145.29
2022-09-04,75.89,74.55,93,51,149.53
2022-09-05,76.97,75.36,83,50,145.2
2022-09-06,68.82,79.12,62,47,140.19
2022-09-07,71.84,71.69,80,52,141.14
2022-09-08,81.16,70.16,82,52,147.55
2022-09-09,87.04,71.31,88,45,149.49
2022-09-10,73.61,69.99,77,47,136.36
2022-09-11,70.5,78.01,74,49,143.34
2022-09-12,75.01,78.65,81,46,148.27
2022-09-13,81.01,74.96,58,49,146.17
2022-09-14,60.56,77.66,77,54,140.14
2022-09-15,52.04,74.4,80,47,131.16
2022-09-16,69.49,73.71,66,53,140.9
2022-09-17,62.79,73.0,72,45,132.87
2022-09-18,69.92,73.07,62,48,137.73
2022-09-19,73.52,69.36,59,54,136.55
2022-09-20,70.47,74.79,65,50,140.12
2022-09-21,89.52,73.88,55,53,147.11
2022-09-22,78.27,76.24,97,47,150.74
2022-09-23,78.0,74.28,60,47,144.58
2022-09-24,81.22,73.51,52,49,141.8
2022-09-25,63.61,71.39,77,51,138.83
2022-09-26,85.39,74.22,90,49,152.5
2022-09-27,74.24,76.21,64,52,142.15
2022-09-28,81.7,70.57,62,49,143.71
2022-09-29,64.28,74.26,91,51,142.61
2022-09-30,59.46,74.7,94,50,143.87
2022-10-01,83.18,71.85,66,54,145.63
2022-10-02,78.76,72.24,56,46,139.96
2022-10-03,65.98,74.69,77,47,139.03
2022-10-04,66.3,70.6,87,48,139.78
2022-10-05,86.25,75.05,62,49,149.75
2022-10-06,63.11,71.31,66,53,134.04
2022-10-07,91.43,77.19,64,50,152.26
2022-10-08,65.99,81.01,85,45,144.6
2022-10-09,81.38,71.42,77,47,145.61
2022-10-10,71.71,75.6,64,51,143.07
2022-10-11,81.03,71.82,95,52,150.5
2022-10-12,69.56,77.12,60,51,141.49
2022-10-13,73.37,70.2,80,49,137.6
2022-10-14,75.41,75.44,53,54,141.14
2022-10-15,64.98,71.38,84,52,140.76
2022-10-16,82.41,73.38,83,53,151.61
2022-10-17,69.87,70.91,76,51,140.3
2022-10-18,72.71,76.47,59,53,141.91
2022-10-19,65.06,71.49,79,45,133.07
2022-10-20,49.38,75.66,94,53,134.6
2022-10-21,73.09,72.97,69,47,140.0
2022-10-22,99.13,73.66,78,50,160.37
2022-10-23,82.85,74.44,78,52,150.36
2022-10-24,74.81,71.71,72,47,136.84
2022-10-25,72.37,74.63,99,48,147.73
2022-10-26,75.22,78.59,70,51,148.04
2022-10-27,80.47,71.67,97,51,151.47
2022-10-28,63.19,77.52,92,48,144.04
2022-10-29,86.14,78.49,59,53,154.34
2022-10-30,82.15,71.55,90,47,150.76
2022-10-31,82.18,69.63,61,52,143.27
2022-11-01,79.38,74.91,79,52,148.49
2022-11-02,75.2,72.36,82,48,145.49
2022-11-03,81.73,79.61,67,51,153.44
2022-11-04,80.92,74.1,63,48,143.97
2022-11-05,71.46,71.59,71,45,139.06
2022-11-06,69.26,70.56,70,45,134.65
2022-11-07,76.02,77.27,50,45,142.48
2022-11-08,90.49,72.29,98,46,158.18
2022-11-09,62.61,74.13,92,50,145.55
2022-11-10,60.32,76.87,64,54,137.61
2022-11-11,76.65,72.55,85,49,148.36
2022-11-12,75.51,73.86,96,46,148.3
2022-11-13,76.73,73.95,71,52,147.29
2022-11-14,77.44,76.05,81,53,150.85
2022-11-15,72.77,75.77,95,51,150.68
2022-11-16,89.9,73.34,82,53,152.76
2022-11-17,58.99,74.19,90,48,136.69
2022-11-18,66.72,72.88,88,51,140.13
2022-11-19,73.97,69.57,72,49,137.46
2022-11-20,58.57,74.77,92,49,134.99
2022-11-21,73.24,79.68,51,47,140.33
2022-11-22,91.61,71.35,51,53,148.4
2022-11-23,75.21,71.68,87,54,147.24
2022-11-24,77.31,71.39,78,49,143.57
2022-11-25,62.4,76.17,95,50,144.48
2022-11-26,68.84,75.35,52,47,133.69
2022-11-27,71.25,73.52,88,54,142.28
2022-11-28,71.82,71.25,56,51,137.85
2022-11-29,87.82,74.28,85,53,155.52
2022-11-30,80.58,69.31,78,53,145.76
2022-12-01,63.89,74.43,86,54,140.65
2022-12-02,77.47,76.61,98,54,156.19
2022-12-03,79.98,70.25,85,49,144.85
2022-12-04,86.4,69.4,72,51,145.5
2022-12-05,90.81,78.74,94,47,163.12
2022-12-06,64.85,72.16,65,50,136.02
2022-12-07,66.89,77.41,97,52,147.38
2022-12-08,62.42,73.54,80,52,133.4
2022-12-09,72.66,73.51,83,46,141.54
2022-12-10,79.66,75.32,99,50,152.81
2022-12-11,84.87,71.35,50,51,146.43
2022-12-12,74.24,74.4,67,51,139.46
2022-12-13,71.8,72.86,89,47,145.79
2022-12-14,76.52,70.04,92,53,147.72
2022-12-15,66.65,75.01,64,46,133.38
2022-12-16,95.9,73.21,97,47,160.85
2022-12-17,58.92,73.53,98,46,136.29
2022-12-18,76.85,70.37,66,53,138.78
2022-12-19,95.24,78.77,93,48,161.87
2022-12-20,75.07,76.63,59,46,141.65
2022-12-21,73.1,76.89,69,47,142.8
2022-12-22,71.43,73.08,55,48,137.61
2022-12-23,73.2,68.81,57,54,139.56
2022-12-24,88.73,79.86,94,50,158.73
2022-12-25,52.88,73.82,83,49,131.84
2022-12-26,90.33,71.75,81,47,150.08
2022-12-27,60.76,75.25,91,54,139.36
2022-12-28,72.33,77.5,53,52,141.9
2022-12-29,70.71,73.93,93,52,147.03
2022-12-30,80.89,77.84,99,51,157.08
2022-12-31,59.02,77.25,88,47,137.52
2023-01-01,79.62,70.77,69,45,138.67
2023-01-02,95.24,71.98,73,49,152.54
2023-01-03,61.37,76.87,73,45,131.67
2023-01-04,76.9,65.86,75,50,136.45
2023-01-05,68.38,73.55,74,51,137.96
2023-01-06,79.26,69.71,85,49,146.51
2023-01-07,75.19,72.57,56,48,140.06
2023-01-08,68.59,73.1,59,46,138.69
2023-01-09,79.88,72.93,96,49,150.45
2023-01-10,93.04,72.34,61,53,151.43
2023-01-11,73.09,70.71,50,48,134.45
2023-01-12,82.2,80.88,99,46,156.48
2023-01-13,62.07,79.6,74,50,139.46
2023-01-14,65.44,70.51,65,52,135.31
2023-01-15,79.72,78.75,54,46,145.02
2023-01-16,89.84,72.8,68,53,152.08
2023-01-17,78.56,74.39,53,51,142.16
2023-01-18,71.87,73.81,55,46,137.43
2023-01-19,74.99,72.02,75,49,141.0
2023-01-20,62.5,76.95,98,49,142.35
2023-01-21,81.05,74.38,88,51,152.18
2023-01-22,83.82,72.57,88,49,152.47
2023-01-23,70.48,70.09,58,50,136.8
2023-01-24,70.3,71.32,94,53,144.02
2023-01-25,77.66,69.08,63,47,135.43
2023-01-26,70.63,74.04,97,47,143.93
2023-01-27,74.34,70.41,58,52,138.68
2023-01-28,96.0,73.2,64,54,153.73
2023-01-29,72.53,78.11,86,50,147.59
2023-01-30,71.42,77.6,99,54,154.14
2023-01-31,68.52,73.9,69,47,137.83
2023-02-01,82.44,73.74,57,46,141.77
2023-02-02,73.19,79.64,81,46,146.88
2023-02-03,68.51,75.56,96,46,143.92
2023-02-04,88.21,73.02,70,49,149.09
2023-02-05,89.2,69.72,90,49,153.34
2023-02-06,69.0,75.18,68,45,133.99
2023-02-07,56.33,76.49,78,46,134.53
2023-02-08,85.08,72.11,80,46,146.58
2023-02-09,68.15,74.87,55,48,137.88
2023-02-10,82.91,72.91,53,51,141.62
2023-02-11,55.3,73.45,92,47,135.71
2023-02-12,83.93,66.54,78,49,142.11
2023-02-13,62.89,73.33,91,53,141.74
2023-02-14,82.31,76.91,52,49,144.88
2023-02-15,75.14,72.11,50,53,141.52
2023-02-16,65.46,74.16,93,45,139.32
2023-02-17,70.93,71.73,64,53,137.8
2023-02-18,81.86,75.08,96,49,155.68
2023-02-19,76.06,73.35,70,52,143.76
2023-02-20,80.84,71.18,95,49,150.0
2023-02-21,94.76,78.0,80,50,162.13
2023-02-22,59.36,76.79,56,52,132.49
2023-02-23,91.17,72.19,66,46,149.5
2023-02-24,76.04,75.49,68,47,144.24
2023-02-25,66.01,75.61,88,53,141.1
2023-02-26,61.7,75.93,52,49,133.31
2023-02-27,73.11,68.92,79,49,138.59
2023-02-28,84.22,77.02,84,53,158.69
2023-03-01,73.72,72.29,78,54,146.4
2023-03-02,90.11,72.93,99,47,156.59
2023-03-03,60.49,81.91,63,48,134.34
2023-03-04,74.88,74.91,84,51,148.04
2023-03-05,62.48,72.84,77,46,132.64
2023-03-06,78.64,67.38,79,52,144.64
2023-03-07,83.87,78.17,75,49,152.04
2023-03-08,70.79,69.96,56,45,131.11
2023-03-09,48.96,70.99,88,47,126.39
2023-03-10,76.99,73.01,80,53,146.36
2023-03-11,79.37,78.25,54,49,142.83
2023-03-12,79.04,76.32,84,52,148.85
2023-03-13,87.36,73.53,99,45,152.86
2023-03-14,64.29,74.92,96,51,146.32
2023-03-15,81.8,72.2,63,51,146.37
2023-03-16,86.93,74.42,85,52,156.3
2023-03-17,57.21,74.22,76,47,134.8
2023-03-18,78.2,76.91,73,45,146.11
2023-03-19,69.96,76.9,89,53,146.88
2023-03-20,74.18,75.48,78,45,142.17
2023-03-21,78.48,72.91,94,50,147.56
2023-03-22,70.13,76.23,71,53,145.38
2023-03-23,68.24,73.72,57,46,132.45
2023-03-24,75.34,70.75,64,48,142.79
2023-03-25,64.13,72.79,98,46,137.5
2023-03-26,64.14,74.25,54,48,135.13
2023-03-27,81.79,76.73,53,46,146.52
2023-03-28,63.51,73.45,60,45,132.62
2023-03-29,81.66,70.37,67,47,145.44
2023-03-30,79.63,74.17,91,52,150.92
2023-03-31,57.74,74.34,98,49,138.47
2023-04-01,68.22,74.56,79,48,140.83
2023-04-02,86.94,76.76,64,49,152.05
2023-04-03,65.19,77.06,55,50,133.12
2023-04-04,70.36,72.22,65,50,137.78
2023-04-05,79.62,72.15,96,49,150.91
2023-04-06,82.83,70.88,89,50,148.46
2023-04-07,72.48,76.1,58,53,146.39
2023-04-08,69.02,78.35,92,49,147.25
2023-04-09,89.22,73.05,83,50,154.61
2023-04-10,92.39,73.28,76,48,156.36
2023-04-11,84.79,78.4,62,47,149.75
2023-04-12,75.85,75.52,85,50,150.99
2023-04-13,66.92,75.31,76,49,141.26
2023-04-14,66.7,70.43,58,48,133.13
2023-04-15,80.23,76.04,54,49,142.49
2023-04-16,79.18,71.21,71,51,146.39
2023-04-17,89.02,70.6,80,45,147.18
2023-04-18,81.5,72.96,52,45,139.8
2023-04-19,59.97,72.24,79,45,134.59
2023-04-20,85.52,73.34,70,46,146.25
2023-04-21,65.02,69.68,84,53,138.75
2023-04-22,71.16,76.88,55,49,139.59
2023-04-23,77.5,77.38,77,53,150.27
2023-04-24,94.96,68.16,81,49,151.9
2023-04-25,106.1,76.94,91,51,166.84
2023-04-26,81.07,71.57,86,50,149.19
2023-04-27,73.17,76.57,74,46,144.23
2023-04-28,80.35,73.79,81,47,145.78
2023-04-29,83.88,74.09,84,49,150.01
2023-04-30,71.79,73.44,71,48,141.86
2023-05-01,92.95,77.64,73,50,156.95
2023-05-02,77.3,70.28,88,52,146.39
2023-05-03,79.98,75.82,79,52,148.68
2023-05-04,81.66,77.3,99,47,154.01
2023-05-05,79.22,76.15,81,48,146.9
2023-05-06,83.39,80.97,80,45,152.1
2023-05-07,68.83,72.41,72,46,135.1
2023-05-08,69.42,76.87,89,53,149.17
2023-05-09,64.0,73.68,82,54,138.09
2023-05-10,79.4,77.7,74,54,152.13
2023-05-11,82.79,73.98,85,46,148.41
2023-05-12,79.58,72.84,73,50,148.41
2023-05-13,91.74,77.92,80,51,160.44
2023-05-14,74.94,72.53,88,50,143.11
2023-05-15,81.69,69.76,95,52,148.7
2023-05-16,64.08,72.45,62,53,135.28
2023-05-17,71.13,75.86,59,52,140.04
2023-05-18,81.96,78.18,72,49,152.43
2023-05-19,83.49,74.33,67,52,149.3
2023-05-20,72.06,77.95,81,54,148.41
2023-05-21,74.28,69.93,82,54,145.87
2023-05-22,59.82,72.67,85,53,135.17
2023-05-23,71.43,73.13,77,52,142.23
2023-05-24,83.9,73.66,65,46,145.76
2023-05-25,80.75,74.25,65,46,143.57
2023-05-26,80.01,76.07,67,47,139.55
2023-05-27,75.5,72.67,57,51,141.01
2023-05-28,75.07,74.42,91,53,150.28
2023-05-29,68.4,73.86,65,52,137.1
2023-05-30,81.99,71.22,60,53,140.3
2023-05-31,79.21,73.66,55,50,141.1
2023-06-01,79.92,73.57,50,45,138.9
2023-06-02,69.74,73.5,61,48,136.63
2023-06-03,53.47,74.1,87,50,129.82
2023-06-04,85.97,74.23,77,50,151.77
2023-06-05,70.21,72.7,94,52,147.15
2023-06-06,66.37,77.82,66,45,139.69
2023-06-07,81.93,70.49,50,46,141.0
2023-06-08,71.08,71.84,81,46,136.89
2023-06-09,85.6,82.34,57,50,155.39
2023-06-10,81.17,70.89,89,51,146.84
2023-06-11,81.84,69.94,92,46,148.03
2023-06-12,61.34,76.2,95,49,139.79
2023-06-13,87.12,67.77,73,50,146.79
2023-06-14,77.61,73.29,59,48,144.07
2023-06-15,71.31,80.44,96,45,150.7
2023-06-16,76.43,69.37,88,47,140.61
2023-06-17,57.24,68.05,88,54,131.11
2023-06-18,79.09,69.5,59,53,142.91
2023-06-19,64.71,76.7,85,50,144.82
2023-06-20,61.47,77.37,74,46,137.44
2023-06-21,59.78,72.46,99,53,139.11
2023-06-22,86.13,76.05,59,48,148.4
2023-06-23,68.71,78.17,68,52,144.23
2023-06-24,90.34,79.36,95,54,163.51
2023-06-25,69.64,73.26,94,51,142.85
2023-06-26,57.93,67.1,64,47,126.86
2023-06-27,63.83,71.54,65,52,138.29
2023-06-28,87.36,72.72,51,48,147.64
2023-06-29,73.44,73.22,78,46,136.9
2023-06-30,69.52,73.44,53,49,137.87
2023-07-01,76.6,77.36,99,45,151.3
2023-07-02,80.02,77.82,78,52,150.55
2023-07-03,86.17,73.48,80,52,148.57
2023-07-04,89.48,77.3,66,47,152.0
2023-07-05,71.4,75.07,59,45,137.93
2023-07-06,61.74,74.19,76,48,133.38
2023-07-07,70.87,76.72,90,53,150.86
2023-07-08,77.6,74.22,64,53,147.65
2023-07-09,65.36,80.17,93,45,145.39
2023-07-10,65.43,69.68,80,51,133.76
2023-07-11,78.44,72.45,70,50,143.5
2023-07-12,74.51,73.62,90,51,148.55
2023-07-13,75.33,75.32,95,51,151.27
2023-07-14,67.42,77.8,94,52,146.09
2023-07-15,72.7,73.93,75,52,142.65
2023-07-16,65.76,69.73,87,54,138.19
2023-07-17,83.9,76.53,85,46,151.0
2023-07-18,85.35,76.26,66,48,148.45
2023-07-19,56.54,68.17,52,48,121.52
2023-07-20,65.7,73.99,63,54,137.94
2023-07-21,60.03,69.23,98,52,137.08
2023-07-22,68.5,72.01,62,47,136.78
2023-07-23,74.17,71.29,90,47,139.47
2023-07-24,60.5,76.43,76,46,138.08
2023-07-25,65.78,74.35,50,45,129.95
2023-07-26,64.96,70.14,66,52,138.01
2023-07-27,77.07,76.64,97,53,154.8
2023-07-28,75.69,69.7,99,53,148.57
2023-07-29,67.78,74.99,83,52,143.05
2023-07-30,76.77,71.56,63,49,144.53
2023-07-31,69.53,72.9,66,45,135.68
2023-08-01,72.28,75.51,52,53,143.7
2023-08-02,91.73,75.56,83,50,155.94
2023-08-03,88.4,78.01,89,51,160.18
2023-08-04,62.0,73.75,74,52,140.8
2023-08-05,83.3,74.92,51,49,142.92
2023-08-06,83.11,72.69,83,50,150.6
2023-08-07,63.52,74.55,75,51,136.83
2023-08-08,83.19,75.32,80,51,152.53
2023-08-09,90.38,73.71,58,46,151.58
2023-08-10,63.77,68.59,79,45,129.57
2023-08-11,65.82,74.99,69,52,139.6
2023-08-12,85.18,75.09,70,49,148.01
2023-08-13,77.71,71.96,78,54,146.54
2023-08-14,80.51,70.15,74,46,143.47
2023-08-15,78.41,78.43,87,47,150.09
2023-08-16,78.91,75.47,93,50,154.47
2023-08-17,61.74,73.31,74,54,138.46
2023-08-18,85.47,70.59,58,50,141.71
2023-08-19,86.7,71.53,88,52,153.48
2023-08-20,72.71,77.91,93,49,151.97
2023-08-21,74.57,74.41,75,49,144.85
2023-08-22,59.69,72.35,86,51,136.91
2023-08-23,80.14,75.53,65,54,147.91
2023-08-24,80.72,71.56,86,49,147.18
2023-08-25,74.38,78.5,61,53,146.15
2023-08-26,86.24,78.06,73,50,148.9
2023-08-27,71.66,72.6,75,51,142.5
2023-08-28,80.65,72.11,69,52,147.87
2023-08-29,64.8,66.15,58,49,126.4
2023-08-30,74.76,69.56,72,48,139.37
2023-08-31,73.26,69.98,88,52,144.25
2023-09-01,77.25,74.41,78,54,150.1
2023-09-02,71.3,73.02,80,53,143.72
2023-09-03,73.69,69.96,68,45,137.36
2023-09-04,83.26,73.16,69,47,143.46
2023-09-05,70.63,75.52,72,48,139.16
2023-09-06,58.93,75.58,92,51,140.59
2023-09-07,92.5,68.3,76,50,149.88
2023-09-08,88.81,73.62,79,54,151.82
2023-09-09,62.08,69.85,70,54,134.82
2023-09-10,81.9,76.71,93,45,149.05
2023-09-11,69.97,76.35,84,48,149.27
2023-09-12,77.63,71.31,98,50,143.87
2023-09-13,77.94,71.7,56,47,138.93
2023-09-14,72.66,72.62,71,46,136.65
2023-09-15,67.16,67.24,59,46,130.72
2023-09-16,68.09,75.01,72,54,141.46
2023-09-17,65.84,73.18,64,48,136.87
2023-09-18,66.68,76.91,79,45,141.37
2023-09-19,74.33,70.7,83,54,142.63
2023-09-20,67.84,72.14,62,46,132.36
2023-09-21,81.82,69.48,53,54,141.59
2023-09-22,89.87,70.99,67,46,146.98
2023-09-23,69.2,70.45,72,48,135.89
2023-09-24,77.39,76.99,82,48,149.88
2023-09-25,80.0,71.91,83,45,145.09
2023-09-26,79.72,74.37,83,51,148.2
2023-09-27,75.76,72.86,85,51,144.42
2023-09-28,82.43,70.19,84,54,147.78
2023-09-29,79.82,73.5,66,54,147.55
2023-09-30,62.62,75.8,77,54,140.23
2023-10-01,83.69,70.38,63,45,145.78
2023-10-02,83.87,76.43,83,52,154.07
2023-10-03,67.37,71.45,97,54,144.36
2023-10-04,75.38,72.55,60,51,137.17
2023-10-05,81.83,75.59,62,51,144.8
2023-10-06,72.91,72.01,82,50,140.51
2023-10-07,85.73,74.11,51,48,143.86
2023-10-08,98.64,73.06,83,52,157.26
2023-10-09,67.14,74.39,78,46,136.08
2023-10-10,61.19,66.86,86,51,134.23
2023-10-11,78.04,68.51,53,47,134.01
2023-10-12,82.22,75.85,61,47,145.63
2023-10-13,72.69,77.11,75,51,146.99
2023-10-14,89.53,71.27,77,47,151.53
2023-10-15,61.61,73.27,52,49,131.07
2023-10-16,81.93,74.88,69,52,149.57
2023-10-17,68.94,76.08,59,48,139.98
2023-10-18,92.19,67.92,67,51,149.38
2023-10-19,94.93,71.34,76,51,156.8
2023-10-20,67.33,73.0,80,46,133.52
2023-10-21,69.5,76.11,76,52,143.62
2023-10-22,83.6,81.5,91,54,160.67
2023-10-23,71.13,73.32,50,54,138.09
2023-10-24,74.55,69.78,55,53,138.3
2023-10-25,75.25,75.21,60,50,141.5
2023-10-26,55.8,77.96,83,49,138.53
2023-10-27,74.86,74.32,88,45,143.41
2023-10-28,68.1,71.28,69,45,133.75
2023-10-29,70.07,76.87,70,53,146.93
2023-10-30,89.44,75.99,70,48,155.06
2023-10-31,62.43,70.92,67,45,130.41
2023-11-01,83.13,75.14,70,54,149.72
2023-11-02,72.21,76.99,68,47,138.75
2023-11-03,72.2,77.55,53,50,140.7
2023-11-04,82.9,73.8,62,52,148.2
2023-11-05,78.4,72.93,67,54,144.34
2023-11-06,80.71,77.68,78,46,149.18
2023-11-07,84.68,70.37,74,52,147.21
2023-11-08,71.69,75.32,62,45,134.72
2023-11-09,68.88,69.89,76,46,135.67
2023-11-10,64.15,77.2,68,52,140.72
2023-11-11,66.75,73.23,98,51,144.05
2023-11-12,104.49,77.81,50,49,162.66
2023-11-13,87.45,75.47,87,54,156.6
2023-11-14,61.49,70.33,68,46,128.96
2023-11-15,61.78,78.27,50,53,140.52
2023-11-16,79.82,78.65,89,49,150.62
2023-11-17,80.47,76.65,66,52,147.56
2023-11-18,80.49,71.72,70,48,144.39
2023-11-19,72.45,73.08,71,53,144.89
2023-11-20,73.75,74.44,64,54,145.47
2023-11-21,78.28,71.89,99,51,147.7
2023-11-22,75.86,79.08,88,46,152.63
2023-11-23,52.81,74.43,97,47,135.06
2023-11-24,72.7,65.89,88,46,135.29
2023-11-25,66.49,75.02,81,49,139.14
2023-11-26,76.75,72.96,98,46,147.16
2023-11-27,104.85,73.78,53,49,161.34
2023-11-28,78.67,72.89,93,53,151.05
2023-11-29,71.86,76.42,94,46,150.34
2023-11-30,84.22,77.36,81,53,156.87
2023-12-01,79.83,74.85,53,51,141.35
2023-12-02,79.2,72.98,50,51,144.22
2023-12-03,81.07,73.88,82,49,146.75
2023-12-04,95.57,74.06,56,52,152.56
2023-12-05,63.69,71.59,58,51,133.14
2023-12-06,79.74,75.74,50,50,143.37
2023-12-07,65.74,75.38,65,46,137.53
2023-12-08,80.56,78.62,67,50,150.63
2023-12-09,65.81,77.77,96,46,143.66
2023-12-10,70.83,71.94,55,45,136.95
2023-12-11,72.05,76.46,51,53,140.15
2023-12-12,84.76,71.15,58,49,141.87
2023-12-13,84.18,76.09,53,54,149.91
2023-12-14,62.54,72.45,94,54,141.25
2023-12-15,75.55,70.93,72,48,140.96
2023-12-16,67.9,74.84,92,52,146.49
2023-12-17,62.41,65.98,94,49,133.16
2023-12-18,72.83,68.75,92,51,146.31
2023-12-19,71.92,73.47,57,47,137.35
2023-12-20,99.27,74.25,88,52,161.66
2023-12-21,79.33,72.89,74,52,147.89
2023-12-22,61.22,69.26,65,47,128.47
2023-12-23,69.35,71.55,84,53,142.38
2023-12-24,85.21,75.17,66,52,148.25
2023-12-25,95.88,75.75,67,45,152.04
2023-12-26,59.14,73.95,76,52,137.97
2023-12-27,56.2,77.47,64,48,130.03
2023-12-28,93.71,75.19,66,50,154.33
2023-12-29,78.9,71.76,92,54,150.8
2023-12-30,66.32,73.16,54,53,138.44
2023-12-31,80.35,69.79,65,49,140.58
2024-01-01,48.64,73.68,64,51,127.94
2024-01-02,75.03,77.34,91,45,147.35
2024-01-03,78.28,76.06,95,53,148.95
2024-01-04,84.24,78.21,83,50,154.8
2024-01-05,64.86,73.09,97,48,140.66
2024-01-06,75.86,78.04,68,50,147.4
2024-01-07,65.75,73.42,57,49,132.8
2024-01-08,77.55,78.41,96,47,150.89
2024-01-09,66.05,73.93,59,51,138.48
2024-01-10,70.92,76.12,54,47,137.08
2024-01-11,65.04,78.43,97,46,140.34
2024-01-12,81.51,73.42,75,48,147.62
2024-01-13,83.58,74.66,71,51,151.3
2024-01-14,72.65,77.87,93,49,150.69
2024-01-15,75.38,73.6,72,53,143.78
2024-01-16,60.51,70.04,62,54,131.74
2024-01-17,72.0,80.43,58,51,145.71
2024-01-18,74.5,72.59,98,53,150.8
2024-01-19,101.21,74.48,69,53,161.61
2024-01-20,63.88,77.47,77,46,140.25
2024-01-21,89.64,72.17,93,45,151.16
2024-01-22,84.97,70.98,86,48,144.38
2024-01-23,77.81,74.76,73,48,147.2
2024-01-24,92.59,68.62,93,46,150.16
2024-01-25,78.72,73.14,82,47,145.3
2024-01-26,78.89,74.74,69,47,146.04
2024-01-27,74.47,73.19,97,49,147.19
2024-01-28,87.24,69.37,79,45,147.54
2024-01-29,85.96,78.78,93,53,164.61
2024-01-30,68.74,74.31,58,52,139.4
2024-01-31,61.81,78.29,94,52,143.06
2024-02-01,72.97,73.22,98,47,142.56
2024-02-02,67.0,71.36,66,46,134.84
2024-02-03,74.36,74.81,85,45,144.13
2024-02-04,87.37,73.35,63,50,145.95
2024-02-05,70.43,70.47,68,54,141.59
2024-02-06,74.57,78.41,56,45,142.62
2024-02-07,75.58,72.13,52,49,137.93
2024-02-08,83.48,68.48,82,53,152.15
2024-02-09,52.53,77.98,93,53,141.05
2024-02-10,68.93,72.49,81,48,137.57
2024-02-11,77.11,72.18,96,51,151.05
2024-02-12,87.0,68.7,60,51,145.17
2024-02-13,70.08,79.22,91,48,151.41
2024-02-14,56.23,70.13,51,49,126.43
2024-02-15,81.2,74.18,75,53,150.53
2024-02-16,68.65,76.74,53,51,139.53
2024-02-17,63.1,75.27,66,51,134.4
2024-02-18,68.76,73.82,66,54,139.49
2024-02-19,73.15,68.9,77,51,140.33
2024-02-20,68.95,71.57,79,53,138.18
2024-02-21,52.94,74.56,89,49,134.65
2024-02-22,83.97,71.64,72,50,145.61
2024-02-23,87.75,74.61,95,47,154.05
2024-02-24,81.52,76.05,73,45,148.27
2024-02-25,63.62,76.89,78,46,137.17
2024-02-26,72.99,70.32,53,52,137.59
2024-02-27,74.93,80.59,87,45,149.62
2024-02-28,80.99,76.3,78,54,150.12
2024-02-29,81.68,73.99,68,51,149.07
2024-03-01,67.66,77.27,76,49,143.98
2024-03-02,75.82,81.1,78,50,152.94
2024-03-03,79.57,69.68,85,52,150.31
2024-03-04,89.56,73.32,84,48,152.37
2024-03-05,82.05,66.86,55,50,134.82
2024-03-06,82.89,74.58,72,47,145.98
2024-03-07,75.84,75.1,88,51,150.6
2024-03-08,89.1,73.88,95,46,154.41
2024-03-09,79.1,72.04,93,52,146.88
2024-03-10,66.39,67.85,97,51,135.65
2024-03-11,89.03,75.12,57,52,153.76
2024-03-12,81.98,78.37,51,46,146.3
2024-03-13,70.57,72.23,62,47,135.03
2024-03-14,70.21,75.32,89,48,147.94
2024-03-15,77.97,69.3,70,53,148.01
2024-03-16,79.63,75.37,80,49,150.65
2024-03-17,76.97,72.82,97,50,150.35
2024-03-18,78.11,71.71,85,45,144.79
2024-03-19,92.0,71.72,97,48,157.69
2024-03-20,85.72,72.82,87,48,155.0
2024-03-21,76.91,75.15,76,54,146.52
2024-03-22,84.41,70.06,85,52,149.02
2024-03-23,64.67,72.81,97,52,142.36
2024-03-24,78.98,73.88,72,54,149.04
2024-03-25,93.09,70.7,70,50,154.55
2024-03-26,72.82,79.39,62,52,146.43
2024-03-27,66.52,71.44,86,53,142.02
2024-03-28,68.48,71.99,96,49,143.73
2024-03-29,64.1,71.07,75,45,132.86
2024-03-30,67.15,79.4,89,45,143.28
2024-03-31,71.29,75.66,56,46,137.65
2024-04-01,60.94,71.19,95,46,134.21
2024-04-02,75.16,77.32,88,49,147.77
2024-04-03,84.02,74.6,71,51,150.53
2024-04-04,65.92,74.77,88,51,141.51
2024-04-05,90.19,72.97,72,48,154.58
2024-04-06,80.11,71.75,79,48,145.56
2024-04-07,85.31,75.01,67,54,154.31
2024-04-08,68.42,72.36,91,47,138.15
2024-04-09,83.55,79.45,67,46,147.66
2024-04-10,64.08,70.19,95,47,136.88
2024-04-11,83.9,78.61,59,52,152.9
2024-04-12,76.72,73.67,88,45,144.08
2024-04-13,80.53,74.9,79,48,147.84
2024-04-14,63.24,76.5,75,51,141.65
2024-04-15,66.05,72.11,56,49,132.24
2024-04-16,80.97,76.59,56,46,142.54
2024-04-17,65.52,65.88,54,45,126.73
2024-04-18,79.63,71.84,50,50,137.64
2024-04-19,61.33,71.23,95,49,136.53
2024-04-20,83.48,70.24,67,47,143.41
2024-04-21,62.67,73.36,62,53,136.25
2024-04-22,80.52,75.16,74,47,148.38
2024-04-23,81.26,76.11,89,46,152.4
2024-04-24,68.03,74.72,57,49,135.89
2024-04-25,80.82,72.0,59,53,146.31
2024-04-26,77.6,75.11,81,52,149.86
2024-04-27,69.61,74.37,66,50,140.91
2024-04-28,64.91,76.81,87,47,140.03
2024-04-29,55.37,76.33,64,50,133.42
2024-04-30,78.5,74.09,64,49,143.37
2024-05-01,59.35,71.31,97,45,134.65
2024-05-02,75.95,72.04,89,49,145.84
2024-05-03,72.37,72.35,69,51,144.83
2024-05-04,81.79,73.05,64,53,144.99
2024-05-05,71.98,74.8,84,45,144.71
2024-05-06,71.71,76.15,55,47,141.3
2024-05-07,82.32,73.85,79,52,151.92
2024-05-08,78.35,74.05,57,50,141.58
2024-05-09,78.16,74.43,80,49,150.33
2024-05-10,79.69,72.45,97,54,151.51
2024-05-11,59.64,71.22,96,46,136.34
2024-05-12,82.57,68.73,81,47,144.47
2024-05-13,81.12,71.91,94,46,147.27
2024-05-14,64.83,75.42,64,45,135.63
2024-05-15,72.56,71.89,67,51,143.71
2024-05-16,74.61,73.29,62,47,139.81
2024-05-17,73.66,75.4,73,51,148.57
2024-05-18,78.34,75.56,89,51,150.39
2024-05-19,89.31,70.76,63,52,148.95
2024-05-20,85.82,76.99,77,45,148.53
2024-05-21,61.88,77.38,60,49,134.42
2024-05-22,81.22,70.61,55,54,142.78
2024-05-23,88.29,71.53,74,53,150.84
2024-05-24,78.87,77.57,50,51,142.96
2024-05-25,85.91,73.56,74,45,146.17
2024-05-26,95.12,67.34,51,52,146.57
2024-05-27,85.24,69.8,81,47,149.06
2024-05-28,77.49,73.25,62,48,138.51
2024-05-29,85.45,70.51,82,48,143.91
2024-05-30,76.45,72.76,81,54,143.76
2024-05-31,75.24,74.1,73,52,143.33
2024-06-01,71.49,78.39,76,45,144.57
2024-06-02,90.63,73.13,53,52,148.77
2024-06-03,66.82,77.22,73,53,142.22
2024-06-04,90.32,78.29,72,53,156.94
2024-06-05,80.0,78.3,78,49,146.99
2024-06-06,61.01,74.85,83,48,138.81
2024-06-07,78.68,68.11,70,48,142.32
2024-06-08,54.0,75.38,79,53,134.33
2024-06-09,81.26,77.15,75,52,151.64
2024-06-10,83.85,73.76,69,54,150.35
2024-06-11,69.08,79.23,65,54,142.7
2024-06-12,76.24,76.58,52,51,142.02
2024-06-13,94.54,75.7,98,47,163.96
2024-06-14,69.94,77.26,86,48,144.96
2024-06-15,64.41,75.0,89,53,143.39
2024-06-16,89.82,66.52,93,52,150.32
2024-06-17,94.63,72.5,74,45,151.22
2024-06-18,75.04,77.59,72,47,146.29
2024-06-19,85.11,71.58,93,54,152.25
2024-06-20,88.41,73.33,50,46,147.95
2024-06-21,67.58,70.87,82,46,133.4
2024-06-22,70.15,79.35,64,52,143.1
2024-06-23,87.31,79.04,66,50,150.86
2024-06-24,91.85,71.35,83,50,156.44
2024-06-25,80.63,74.44,66,48,145.06
2024-06-26,66.2,71.96,90,45,137.22
2024-06-27,94.87,75.84,93,51,162.49
2024-06-28,69.69,75.53,53,52,141.64
2024-06-29,71.65,76.44,62,46,139.97
2024-06-30,78.42,75.0,53,46,142.94
2024-07-01,90.54,82.81,56,45,153.68
2024-07-02,83.54,70.92,95,48,147.93
2024-07-03,79.15,68.87,58,50,139.65
2024-07-04,79.63,72.82,72,49,143.54
2024-07-05,75.44,69.3,82,48,142.48
2024-07-06,80.58,69.52,82,48,143.55
2024-07-07,49.7,71.0,69,54,127.25
2024-07-08,72.03,71.23,53,51,131.83
2024-07-09,77.41,71.14,50,51,138.61
2024-07-10,63.49,75.55,91,46,139.25
2024-07-11,78.86,72.48,83,51,149.73
2024-07-12,72.96,73.46,76,46,142.48
2024-07-13,92.55,76.68,70,48,154.93
2024-07-14,90.73,71.7,73,45,145.64
2024-07-15,70.34,73.21,64,49,137.19
2024-07-16,73.49,75.1,84,45,145.8
2024-07-17,74.26,68.18,74,48,137.5
2024-07-18,70.48,66.85,58,53,131.73
2024-07-19,76.95,75.04,66,52,147.7
2024-07-20,67.42,75.48,70,50,136.58
2024-07-21,63.69,80.19,62,52,140.54
2024-07-22,81.23,74.47,52,49,144.33
2024-07-23,81.3,76.46,53,51,146.3
2024-07-24,66.96,73.41,53,52,133.02
2024-07-25,83.95,74.89,92,51,152.33
2024-07-26,68.68,79.0,77,48,142.42
2024-07-27,77.53,67.63,56,49,137.89
2024-07-28,83.2,75.24,75,54,152.46
2024-07-29,74.66,80.41,60,50,145.35
2024-07-30,79.55,74.85,73,50,148.02
2024-07-31,69.84,78.95,92,53,148.46
2024-08-01,73.04,72.11,59,54,141.79
2024-08-02,72.94,73.9,86,46,143.99
2024-08-03,67.53,74.1,62,50,136.75
2024-08-04,73.23,67.35,93,47,139.59
2024-08-05,59.51,70.5,91,46,132.62
2024-08-06,70.09,70.71,88,50,143.21
2024-08-07,72.15,76.47,68,48,142.5
2024-08-08,72.44,76.62,68,49,142.42
2024-08-09,72.59,74.97,61,49,138.29
2024-08-10,74.38,76.47,71,47,144.69
2024-08-11,79.79,73.51,96,48,150.97
2024-08-12,83.75,77.61,86,47,151.98
2024-08-13,68.5,74.03,79,51,140.78
2024-08-14,62.97,74.17,95,45,138.39
2024-08-15,64.58,73.2,61,50,132.2
2024-08-16,70.13,76.05,78,48,142.67
2024-08-17,71.48,72.74,70,45,134.29
2024-08-18,67.3,76.93,60,45,133.86
2024-08-19,62.04,70.6,86,49,134.39
2024-08-20,70.44,70.7,97,49,141.47
2024-08-21,76.81,76.06,67,54,148.24
2024-08-22,80.95,73.73,93,51,152.22
2024-08-23,69.43,72.64,76,48,141.72
2024-08-24,70.87,76.67,86,53,147.74
2024-08-25,65.73,72.18,97,48,140.99
2024-08-26,74.69,73.4,61,51,138.9
2024-08-27,66.52,78.2,72,49,139.05
2024-08-28,80.73,78.62,83,49,152.56
2024-08-29,57.14,78.72,87,50,139.82
2024-08-30,71.4,73.15,72,52,142.34
2024-08-31,78.01,77.69,74,49,150.8
2024-09-01,76.84,71.15,53,47,134.89
2024-09-02,101.93,71.28,79,50,162.36
2024-09-03,78.5,66.95,79,46,136.48
2024-09-04,64.96,79.02,62,52,141.34
2024-09-05,74.05,71.41,91,52,143.26
2024-09-06,57.24,73.62,98,47,137.79
2024-09-07,74.19,71.27,63,52,137.16
2024-09-08,66.67,76.09,96,53,141.11
2024-09-09,84.15,72.87,57,49,144.98
2024-09-10,69.5,70.09,73,49,136.62
2024-09-11,73.83,75.32,67,50,145.17
2024-09-12,68.64,69.7,84,51,139.4
2024-09-13,92.39,71.49,74,47,149.43
2024-09-14,71.79,67.68,66,49,133.84
2024-09-15,93.33,69.73,81,45,156.91
2024-09-16,83.14,74.54,73,54,149.36
2024-09-17,79.82,68.11,56,49,139.13
2024-09-18,78.69,69.56,62,48,140.06
2024-09-19,78.94,73.99,76,45,145.35
2024-09-20,55.72,72.37,97,51,137.16
2024-09-21,72.21,79.98,54,45,140.07
2024-09-22,83.45,79.5,85,52,153.15
2024-09-23,74.51,71.4,75,54,144.13
2024-09-24,60.95,75.67,91,46,138.28
2024-09-25,74.48,76.25,94,54,151.73
2024-09-26,92.04,72.21,80,49,154.62
2024-09-27,87.47,69.51,59,50,144.06
2024-09-28,74.38,73.96,95,53,148.06
2024-09-29,84.51,73.48,75,51,151.8
2024-09-30,71.33,72.69,71,50,139.5
2024-10-01,57.96,75.33,61,49,130.75
2024-10-02,65.76,71.75,81,50,136.89
2024-10-03,90.63,70.54,76,48,151.2
2024-10-04,72.26,74.33,82,45,141.3
2024-10-05,72.57,75.16,69,53,148.39
2024-10-06,72.0,70.47,88,49,141.79
2024-10-07,94.04,76.78,90,52,159.44
2024-10-08,91.26,68.69,89,51,152.13
2024-10-09,97.19,72.27,62,52,155.84
2024-10-10,73.41,73.23,63,45,136.53
2024-10-11,77.96,72.09,93,53,149.51
2024-10-12,59.83,72.3,89,45,136.0
2024-10-13,89.77,79.61,71,47,157.51
2024-10-14,63.32,71.45,67,52,133.5
2024-10-15,77.17,81.32,97,45,152.75
2024-10-16,64.03,75.31,78,45,136.96
2024-10-17,69.11,74.28,92,50,146.97
2024-10-18,66.63,75.43,65,49,135.62
2024-10-19,68.92,81.59,95,50,151.34
2024-10-20,69.61,71.02,84,47,138.99
2024-10-21,69.52,70.64,83,54,140.03
2024-10-22,83.33,71.74,52,54,147.26
2024-10-23,63.95,74.1,53,50,135.23
2024-10-24,77.21,68.82,54,46,138.26
2024-10-25,87.18,74.07,59,52,151.72
2024-10-26,69.87,79.08,78,50,145.81
2024-10-27,67.82,74.45,81,48,141.69
2024-10-28,72.69,73.12,80,48,142.78
2024-10-29,86.8,72.15,51,51,143.68
2024-10-30,76.94,76.7,61,47,140.61
2024-10-31,69.69,71.52,76,47,138.47
2024-11-01,79.84,79.54,54,50,147.53
2024-11-02,63.98,79.8,86,53,145.25
2024-11-03,81.81,74.77,76,45,146.42
2024-11-04,79.09,73.97,72,49,149.06
2024-11-05,71.92,77.09,82,45,139.37
2024-11-06,66.61,77.28,53,45,136.18
2024-11-07,66.13,71.58,70,47,136.13
2024-11-08,80.35,72.42,73,47,146.18
2024-11-09,87.29,70.03,93,48,148.24
2024-11-10,68.63,75.23,80,47,140.27
2024-11-11,79.58,76.0,93,50,151.46
2024-11-12,54.13,69.95,97,48,132.42
2024-11-13,69.15,72.63,73,52,137.94
2024-11-14,74.69,69.96,98,45,143.64
2024-11-15,65.9,71.3,59,52,132.62
2024-11-16,65.63,75.65,98,45,141.41
2024-11-17,68.32,71.8,98,45,143.22
2024-11-18,77.92,73.1,99,51,152.22
2024-11-19,73.13,69.12,51,45,132.12
2024-11-20,52.62,74.56,80,53,130.93
2024-11-21,53.79,73.87,74,52,132.83
2024-11-22,68.93,71.81,53,45,132.71
2024-11-23,79.58,73.43,60,46,137.29
2024-11-24,47.52,74.54,66,46,125.05
2024-11-25,70.0,71.56,93,46,138.69
2024-11-26,69.74,69.57,51,50,129.74
2024-11-27,88.88,79.42,55,48,149.62
2024-11-28,71.15,72.1,58,52,133.65
2024-11-29,78.83,73.71,54,45,138.75
2024-11-30,76.41,77.03,69,54,146.26
2024-12-01,53.69,84.59,78,48,141.77
2024-12-02,82.68,70.27,70,54,146.1
2024-12-03,77.15,75.35,58,49,141.23
2024-12-04,80.08,71.88,77,53,144.27
2024-12-05,114.26,72.38,57,49,161.51
2024-12-06,54.16,71.84,80,47,132.17
2024-12-07,92.25,70.62,69,48,152.74
2024-12-08,72.13,73.88,76,54,143.85
2024-12-09,77.87,69.58,57,51,139.15
2024-12-10,74.54,76.84,70,45,144.11
2024-12-11,70.76,74.17,77,50,140.14
2024-12-12,69.3,75.27,72,52,142.93
2024-12-13,78.3,72.6,55,45,143.29
2024-12-14,59.83,72.9,52,52,132.15
2024-12-15,82.51,74.86,54,51,147.16
2024-12-16,70.84,70.51,58,45,135.7
2024-12-17,63.7,72.93,56,53,136.07
2024-12-18,70.5,71.42,53,47,133.03
2024-12-19,87.57,71.33,88,46,147.85
2024-12-20,69.65,67.67,54,51,131.96
2024-12-21,78.58,78.02,60,47,143.13
2024-12-22,67.69,71.94,64,45,132.9
2024-12-23,82.58,77.49,83,54,153.4
2024-12-24,81.86,77.21,62,47,146.0
2024-12-25,93.49,70.14,97,50,153.63
2024-12-26,73.24,70.73,56,47,133.85
2024-12-27,81.69,81.68,89,49,157.47
2024-12-28,75.98,79.25,55,53,147.81
2024-12-29,87.96,73.91,88,51,155.88
2024-12-30,67.81,74.77,99,46,142.55
2024-12-31,82.45,72.11,79,45,145.71
2025-01-01,73.05,75.3,71,51,147.66
2025-01-02,74.36,71.85,74,48,139.45
2025-01-03,75.92,67.9,77,51,143.98
2025-01-04,77.52,70.04,69,50,138.45
2025-01-05,73.84,74.06,88,51,143.24
2025-01-06,77.15,70.61,52,48,136.88
2025-01-07,90.78,73.8,54,47,147.73
2025-01-08,84.85,70.78,50,49,139.77
2025-01-09,83.69,71.65,64,47,143.18
2025-01-10,70.44,76.56,75,47,142.82
2025-01-11,66.11,74.74,52,48,131.91
2025-01-12,84.55,73.97,89,52,155.74
2025-01-13,83.76,76.64,90,46,154.82
2025-01-14,89.73,75.44,96,48,159.88
2025-01-15,68.96,78.34,91,47,143.93
2025-01-16,72.7,72.62,83,51,142.26
2025-01-17,58.61,72.71,54,46,126.79
2025-01-18,71.08,70.1,80,45,136.68
2025-01-19,84.97,72.71,62,54,147.9
2025-01-20,70.34,76.89,92,45,146.13
2025-01-21,81.4,77.9,50,50,147.39
2025-01-22,73.09,76.88,71,47,141.31
2025-01-23,78.24,68.62,64,51,137.86
2025-01-24,63.52,77.25,75,52,138.44
2025-01-25,75.85,68.48,67,49,136.44
2025-01-26,45.09,76.69,97,49,134.0
2025-01-27,73.13,72.9,58,46,137.08
2025-01-28,58.7,76.11,50,52,133.95
2025-01-29,87.06,70.0,92,54,150.24
2025-01-30,82.77,77.51,58,45,146.32
2025-01-31,79.67,69.61,72,54,145.41
2025-02-01,90.21,71.99,92,53,159.02
2025-02-02,65.51,71.01,94,45,136.59
2025-02-03,92.47,68.74,51,45,142.21
2025-02-04,84.32,74.28,63,45,148.13
2025-02-05,72.63,79.42,87,51,149.67
2025-02-06,86.36,82.0,89,48,159.57
2025-02-07,63.94,74.29,67,51,137.65
2025-02-08,66.75,77.35,65,49,136.1
2025-02-09,68.91,74.7,78,51,142.29
2025-02-10,69.71,75.5,93,54,145.33
2025-02-11,64.43,72.97,60,51,134.36
2025-02-12,87.23,74.59,55,48,146.42
2025-02-13,72.41,75.61,52,46,136.32
2025-02-14,78.53,72.26,63,52,144.78
2025-02-15,69.3,73.77,51,46,133.99
2025-02-16,56.79,73.82,81,53,133.71
2025-02-17,77.7,76.48,80,49,146.11
2025-02-18,55.88,70.8,60,53,130.35
2025-02-19,74.31,73.85,71,53,144.29
2025-02-20,61.32,79.74,52,52,134.13
2025-02-21,94.87,77.49,99,52,163.88
2025-02-22,84.11,78.05,80,48,152.59
2025-02-23,76.06,74.07,82,48,142.83
2025-02-24,87.64,74.96,73,46,148.88
2025-02-25,66.54,77.01,50,48,137.36
2025-02-26,80.43,78.68,93,48,158.78
2025-02-27,77.0,68.15,64,50,139.12
2025-02-28,77.64,70.05,86,47,140.62
2025-03-01,87.72,77.93,76,46,152.74
2025-03-02,82.32,73.17,87,52,151.57
2025-03-03,77.89,71.98,97,46,148.29
2025-03-04,58.45,70.24,76,52,134.08
2025-03-05,65.4,72.33,93,51,143.94
2025-03-06,73.77,69.79,61,47,135.79
2025-03-07,75.93,80.27,52,50,145.21
2025-03-08,63.7,73.93,79,50,134.39
2025-03-09,99.12,73.83,81,54,159.71
2025-03-10,90.16,75.76,72,49,150.89
2025-03-11,81.02,76.89,51,52,144.64
2025-03-12,75.72,76.84,56,49,140.3
2025-03-13,72.88,77.22,83,51,145.44
2025-03-14,65.48,72.11,81,50,140.35
2025-03-15,75.77,73.11,88,51,143.2
2025-03-16,77.58,76.31,81,53,149.9
2025-03-17,62.58,72.42,92,47,139.11
2025-03-18,78.34,73.98,92,54,150.99
2025-03-19,73.45,75.2,63,51,144.98
2025-03-20,55.92,76.36,52,54,130.84
2025-03-21,66.4,68.67,95,47,140.77
2025-03-22,70.86,76.14,81,46,139.5
2025-03-23,93.88,73.3,92,51,161.52
2025-03-24,80.57,76.12,85,48,148.45
2025-03-25,61.65,76.33,66,45,136.64
2025-03-26,79.86,78.82,97,50,154.44
2025-03-27,59.53,78.06,52,50,135.77
2025-03-28,85.83,78.04,59,50,153.28
2025-03-29,70.29,78.33,96,46,145.88
2025-03-30,74.06,74.87,89,45,146.68
2025-03-31,88.26,74.1,67,47,149.08
2025-04-01,62.13,76.62,52,46,129.05
2025-04-02,61.03,76.2,88,50,141.19
2025-04-03,69.16,73.07,59,50,134.72
2025-04-04,85.38,75.21,58,49,146.2
2025-04-05,59.81,73.89,95,54,139.21
2025-04-06,46.68,71.44,95,54,131.91
2025-04-07,70.49,77.87,60,49,139.12
2025-04-08,80.52,74.17,82,53,148.09
2025-04-09,87.0,80.15,85,49,155.73
2025-04-10,70.37,69.12,75,54,138.1
2025-04-11,70.89,72.33,76,50,141.59
2025-04-12,86.54,74.1,87,48,154.42
2025-04-13,56.3,77.41,71,54,138.7
2025-04-14,71.11,75.2,75,45,140.26
2025-04-15,76.9,74.93,71,48,144.17
2025-04-16,79.49,70.62,54,46,137.62
2025-04-17,69.9,70.53,84,54,143.05
2025-04-18,75.34,74.97,51,47,141.12
2025-04-19,50.12,69.91,84,51,127.99
2025-04-20,68.42,72.4,58,51,137.14
2025-04-21,79.54,75.5,98,45,147.74
2025-04-22,65.18,71.05,67,52,137.05
2025-04-23,75.59,78.82,92,51,152.74
2025-04-24,79.47,77.67,61,45,142.45
2025-04-25,71.57,69.29,52,52,136.91
2025-04-26,76.7,71.2,67,46,136.9
2025-04-27,65.37,67.14,87,52,131.79
2025-04-28,72.93,71.65,56,47,137.48
2025-04-29,81.1,76.3,82,54,153.87
2025-04-30,76.57,72.76,55,51,138.23
2025-05-01,69.13,75.38,67,50,140.9
2025-05-02,77.24,69.43,94,49,147.53
2025-05-03,82.15,76.39,71,54,152.13
2025-05-04,54.5,72.33,88,46,136.05
2025-05-05,86.59,74.04,58,46,144.08
2025-05-06,71.64,73.72,84,45,136.79
2025-05-07,79.25,70.19,72,53,141.78
2025-05-08,86.97,70.54,61,52,142.23
2025-05-09,61.28,76.9,73,52,143.17
2025-05-10,67.91,75.2,99,45,143.19
2025-05-11,72.11,77.15,89,49,151.17
2025-05-12,67.16,74.97,58,50,136.17
2025-05-13,92.35,74.43,62,46,148.54
2025-05-14,66.43,68.82,89,54,136.26
2025-05-15,69.44,73.19,91,49,142.12
2025-05-16,77.04,73.92,66,50,145.25
2025-05-17,62.98,79.86,56,53,138.93
2025-05-18,71.04,76.06,66,54,140.48
2025-05-19,78.17,78.61,99,45,153.4
2025-05-20,71.67,75.79,73,54,146.91
2025-05-21,74.07,71.87,51,47,134.57
2025-05-22,69.71,74.35,84,53,143.29
2025-05-23,59.86,74.71,77,45,130.16
2025-05-24,78.22,71.18,68,45,141.23
2025-05-25,92.55,72.85,82,45,151.78
2025-05-26,75.18,73.38,70,51,137.96
2025-05-27,77.25,78.82,59,49,142.73
2025-05-28,81.93,67.76,95,50,148.49
2025-05-29,62.31,77.62,94,52,143.59
2025-05-30,92.03,71.19,58,46,144.5
2025-05-31,77.02,69.88,87,46,142.63
2025-06-01,91.32,77.54,55,47,149.64
2025-06-02,67.67,76.2,91,47,141.97
2025-06-03,93.18,77.76,84,47,157.88
2025-06-04,82.75,76.4,67,48,151.54
2025-06-05,80.53,80.18,68,47,152.92
2025-06-06,77.34,75.68,54,46,136.8
2025-06-07,72.51,73.53,74,53,143.5
2025-06-08,87.01,75.03,60,50,146.32
2025-06-09,76.4,77.73,59,47,141.2
2025-06-10,55.33,71.66,66,53,126.51
2025-06-11,63.83,72.04,85,48,135.2
2025-06-12,73.14,73.07,75,48,138.96
2025-06-13,78.1,67.69,80,52,145.06
2025-06-14,74.43,74.41,81,51,144.21
2025-06-15,87.19,68.34,70,51,142.6
2025-06-16,55.49,74.16,67,54,133.02
2025-06-17,76.44,76.6,67,51,145.68
2025-06-18,56.82,72.57,50,54,128.62
2025-06-19,82.6,79.03,63,49,151.1
2025-06-20,74.06,69.62,57,51,139.49
2025-06-21,79.2,77.57,51,48,143.22
2025-06-22,66.36,76.03,64,52,139.97
2025-06-23,87.79,68.85,83,53,150.35
2025-06-24,85.42,82.13,85,47,158.47
2025-06-25,80.84,73.81,50,51,140.11
2025-06-26,73.7,71.37,70,54,143.55
2025-06-27,80.8,69.78,91,53,149.57
2025-06-28,67.93,73.34,50,45,130.01
2025-06-29,83.56,73.62,81,46,152.64
2025-06-30,91.49,74.31,69,51,150.92
2025-07-01,85.71,73.11,96,46,152.77
2025-07-02,67.7,75.9,85,51,141.93
2025-07-03,78.61,72.84,88,45,146.69
2025-07-04,62.07,68.2,79,47,135.1
2025-07-05,80.72,73.55,56,49,144.53
2025-07-06,79.51,66.9,71,50,140.19
2025-07-07,56.3,75.06,99,53,141.99
2025-07-08,63.38,71.06,94,53,139.0
2025-07-09,72.17,74.49,59,47,139.17
2025-07-10,71.99,77.94,57,52,143.12
2025-07-11,62.91,71.15,76,48,131.43
2025-07-12,78.89,77.18,59,51,149.8
2025-07-13,77.51,72.7,63,50,144.76
2025-07-14,73.06,79.26,95,52,150.53
2025-07-15,67.44,72.9,60,50,137.84
2025-07-16,85.49,71.48,55,48,141.12
2025-07-17,91.55,76.06,70,46,153.71
2025-07-18,70.16,72.69,82,51,142.25
2025-07-19,68.88,71.48,68,48,139.46
2025-07-20,79.91,72.57,88,53,150.76
2025-07-21,71.42,73.87,73,53,139.95
2025-07-22,73.61,78.03,67,51,147.52
2025-07-23,82.4,68.2,84,49,144.41
2025-07-24,55.91,74.07,92,47,133.72
2025-07-25,88.18,75.87,86,47,154.37
2025-07-26,75.73,74.58,68,53,144.05
2025-07-27,70.89,77.93,73,53,149.56
2025-07-28,74.11,73.78,83,48,145.7
2025-07-29,74.62,73.45,71,45,137.94
2025-07-30,57.69,75.78,53,54,131.38
2025-07-31,89.95,74.3,59,49,147.09
2025-08-01,75.41,72.83,51,52,141.65
2025-08-02,79.43,75.55,57,54,146.36
2025-08-03,84.52,72.04,82,48,146.79
2025-08-04,64.79,72.17,87,54,144.15
2025-08-05,79.73,72.42,92,54,152.18
2025-08-06,72.32,78.06,77,48,145.61
2025-08-07,83.47,64.34,59,53,140.13
2025-08-08,53.73,75.19,94,53,134.97
2025-08-09,74.01,74.1,50,51,140.31
2025-08-10,68.97,68.96,83,54,139.31
2025-08-11,79.32,74.93,52,52,145.68
2025-08-12,79.7,75.43,58,48,145.04
2025-08-13,67.92,75.77,54,52,138.05
2025-08-14,67.88,66.04,91,50,136.5
2025-08-15,73.89,78.1,59,47,145.43
2025-08-16,66.03,71.79,61,51,132.08
2025-08-17,83.42,76.06,67,47,146.65
2025-08-18,71.31,76.22,70,51,145.54
2025-08-19,45.93,71.37,70,49,126.12
2025-08-20,71.25,75.98,50,48,137.26
2025-08-21,64.61,72.84,52,47,129.54
2025-08-22,58.69,67.79,54,52,124.88
2025-08-23,62.63,77.5,74,48,135.51
2025-08-24,76.09,71.67,98,52,152.6
2025-08-25,88.29,71.44,57,54,148.22
2025-08-26,78.13,72.79,66,47,142.74
2025-08-27,68.93,74.82,58,54,140.76
2025-08-28,79.56,73.83,81,53,152.47
2025-08-29,70.41,75.64,55,50,137.92
2025-08-30,68.05,69.98,98,49,140.22
2025-08-31,63.46,71.77,89,49,139.45
2025-09-01,57.48,73.65,70,47,127.32
2025-09-02,71.1,79.69,56,46,143.6
2025-09-03,76.58,73.66,56,50,144.55
2025-09-04,74.03,77.26,96,45,148.42
2025-09-05,70.84,74.12,88,51,143.02
2025-09-06,65.54,72.55,76,49,138.77
2025-09-07,81.08,73.26,57,48,142.28
2025-09-08,61.83,73.49,58,53,134.28
2025-09-09,82.76,75.81,77,54,153.14
2025-09-10,64.98,78.12,64,45,135.47
2025-09-11,67.48,75.08,51,48,135.44
2025-09-12,60.33,77.56,56,47,130.02
2025-09-13,69.99,71.11,96,50,138.68
2025-09-14,84.75,72.76,67,49,147.69
2025-09-15,80.16,71.83,71,51,147.34
2025-09-16,84.78,74.94,99,45,152.1
2025-09-17,80.22,72.92,59,49,141.63
2025-09-18,63.96,76.19,99,46,143.42
2025-09-19,71.69,71.21,82,46,139.34
2025-09-20,67.2,74.13,56,46,132.69
2025-09-21,88.31,76.06,52,53,151.34
2025-09-22,63.03,67.8,63,54,131.68
2025-09-23,83.94,80.36,93,47,154.26
2025-09-24,83.93,73.15,95,48,151.66
2025-09-25,93.3,67.92,85,49,152.18
2025-09-26,70.9,74.47,62,48,137.45
2025-09-27,82.12,74.1,65,48,147.41
2025-09-28,97.82,73.75,65,49,156.16
2025-09-29,68.82,76.97,54,54,140.12
2025-09-30,59.65,76.24,74,53,138.35
2025-10-01,56.2,74.89,87,53,136.78
2025-10-02,82.13,75.35,87,50,151.51
2025-10-03,56.17,73.69,99,47,135.58
2025-10-04,71.28,79.33,87,50,145.09
2025-10-05,79.37,69.56,88,54,147.93
2025-10-06,76.85,74.42,97,48,149.68
2025-10-07,79.25,74.2,90,47,153.33
2025-10-08,77.22,76.44,75,50,148.37
2025-10-09,87.79,71.47,62,50,145.94
2025-10-10,65.48,68.77,93,46,132.62
2025-10-11,68.23,74.47,75,53,139.9
2025-10-12,67.27,74.84,50,52,135.24
2025-10-13,83.3,78.47,57,50,148.19
2025-10-14,84.0,70.19,53,45,139.18
2025-10-15,79.51,77.46,70,46,145.87
2025-10-16,86.83,81.1,71,48,154.72
2025-10-17,63.22,72.87,86,51,138.08
2025-10-18,91.67,70.13,98,53,157.24
2025-10-19,90.23,72.78,52,54,147.96
2025-10-20,82.36,74.04,68,49,144.23
2025-10-21,92.82,75.69,50,54,152.77
2025-10-22,58.43,72.23,78,46,132.31
2025-10-23,69.76,78.67,72,45,139.45
2025-10-24,67.65,70.66,82,54,139.36
2025-10-25,82.21,68.78,90,45,144.56
2025-10-26,64.5,77.32,72,49,139.11
2025-10-27,82.57,67.18,54,51,141.09
2025-10-28,88.71,73.39,56,53,151.51
2025-10-29,81.95,83.35,55,53,153.8
2025-10-30,77.84,73.96,98,52,153.89
2025-10-31,65.12,70.64,71,45,131.54
2025-11-01,66.53,73.83,98,49,144.76
2025-11-02,87.5,73.85,62,50,147.75
2025-11-03,82.79,74.48,61,50,147.05
2025-11-04,74.61,75.99,53,48,141.44
2025-11-05,70.82,70.88,57,45,133.21
2025-11-06,54.74,79.06,86,47,134.87
2025-11-07,64.29,74.74,80,54,138.02
2025-11-08,94.11,76.18,86,48,159.73
2025-11-09,62.2,72.12,94,48,137.26
2025-11-10,76.89,77.86,75,48,147.02
2025-11-11,85.07,73.23,92,49,155.53
2025-11-12,62.45,74.83,57,53,133.34
2025-11-13,76.85,71.2,89,48,146.35
2025-11-14,84.38,71.01,82,53,148.86
2025-11-15,75.12,76.06,94,53,150.87
2025-11-16,103.68,72.67,78,45,156.27
2025-11-17,58.31,71.44,54,49,125.95
2025-11-18,85.59,72.07,77,53,151.74
2025-11-19,73.27,76.1,89,48,149.23
2025-11-20,82.72,72.11,66,49,145.87
2025-11-21,79.41,73.65,72,48,145.58
2025-11-22,67.67,74.05,94,46,146.74
2025-11-23,77.29,68.25,58,54,140.69
2025-11-24,56.42,69.59,51,46,120.85
2025-11-25,81.03,75.01,81,46,144.46
2025-11-26,77.98,71.79,98,45,147.08
2025-11-27,81.39,77.17,80,47,147.26
2025-11-28,85.58,76.9,56,54,149.07
2025-11-29,78.68,76.16,79,45,147.04
2025-11-30,76.48,79.46,52,48,145.94
2025-12-01,66.19,73.75,58,45,132.24
2025-12-02,67.88,75.95,59,48,134.87
2025-12-03,86.87,72.25,95,47,152.12
2025-12-04,89.36,81.36,99,53,164.46
2025-12-05,72.62,79.95,96,45,149.47
2025-12-06,75.46,74.04,75,52,143.1
2025-12-07,65.95,75.16,50,53,134.53
2025-12-08,86.73,78.08,79,51,157.85
2025-12-09,81.65,73.56,87,45,149.26
2025-12-10,94.41,72.03,64,48,153.4
2025-12-11,66.22,76.62,74,54,139.13
2025-12-12,71.22,74.24,55,45,133.85
2025-12-13,77.31,74.55,67,48,145.41
2025-12-14,81.46,71.5,50,47,140.76
2025-12-15,72.84,68.85,52,46,133.0
2025-12-16,66.27,74.71,66,45,134.5
2025-12-17,83.81,76.71,97,50,154.82
2025-12-18,82.21,73.32,57,51,144.95
2025-12-19,65.84,78.31,98,50,145.85
2025-12-20,88.55,71.89,89,53,156.0
2025-12-21,86.7,70.84,66,53,148.46
2025-12-22,76.34,73.8,74,46,140.7
2025-12-23,75.8,73.75,90,46,146.75
2025-12-24,80.54,76.31,61,53,150.58
2025-12-25,66.38,71.68,78,45,137.91
2025-12-26,75.3,78.1,74,49,148.31
2025-12-27,53.48,79.9,85,45,136.88
2025-12-28,83.76,73.88,74,51,147.34
2025-12-29,59.39,77.75,78,53,138.59
2025-12-30,90.03,70.83,60,50,147.35
2025-12-31,71.7,77.23,53,46,139.58
2026-01-01,72.88,77.14,63,50,141.84
2026-01-02,68.72,76.59,95,53,147.39
2026-01-03,72.12,73.95,87,47,144.45
2026-01-04,89.19,65.14,66,53,145.6
2026-01-05,50.12,72.07,51,52,124.6
2026-01-06,87.77,72.12,57,51,145.7
2026-01-07,78.38,71.07,85,52,146.24
2026-01-08,62.93,74.37,59,54,135.11
2026-01-09,64.25,72.74,56,50,132.94
2026-01-10,91.76,71.53,85,47,151.91
2026-01-11,65.54,70.82,65,51,133.35
2026-01-12,63.47,71.85,63,48,132.41
2026-01-13,86.37,77.36,65,54,157.91
2026-01-14,78.39,72.02,74,49,145.11
2026-01-15,65.62,72.46,90,52,137.78
2026-01-16,77.17,72.63,53,51,141.21
2026-01-17,64.74,75.02,78,51,138.93
2026-01-18,86.01,75.37,55,52,147.02
2026-01-19,85.61,64.87,50,54,141.67
2026-01-20,80.32,77.06,88,47,151.1
2026-01-21,78.62,78.31,50,47,148.29
2026-01-22,92.61,70.85,89,46,152.82
2026-01-23,75.0,71.08,52,45,134.31
2026-01-24,63.18,72.65,50,54,135.42
2026-01-25,79.49,71.73,50,50,140.13
2026-01-26,95.86,74.67,88,50,157.74
2026-01-27,64.85,68.16,70,54,132.68
2026-01-28,71.39,70.65,94,52,143.49
2026-01-29,79.16,78.62,79,50,152.51
2026-01-30,74.46,71.22,81,50,145.39
2026-01-31,65.18,77.73,82,45,141.79
2026-02-01,86.22,75.07,97,51,157.82
2026-02-02,98.2,68.57,71,51,155.67
2026-02-03,76.96,75.91,79,54,150.94
2026-02-04,65.96,73.65,95,53,142.19
2026-02-05,59.51,72.63,53,51,129.47
2026-02-06,77.58,74.73,72,52,145.71
2026-02-07,86.04,75.42,93,48,157.09
2026-02-08,79.75,76.12,74,53,148.14
2026-02-09,74.98,77.53,61,45,139.84
2026-02-10,69.11,75.22,66,52,141.18
2026-02-11,64.08,69.87,64,47,134.5
2026-02-12,83.35,72.58,59,45,143.84
2026-02-13,84.14,82.83,84,46,158.63
2026-02-14,59.54,76.17,78,50,135.05
2026-02-15,90.9,81.11,61,49,157.46
2026-02-16,80.74,78.19,50,47,142.27
2026-02-17,89.0,74.73,50,53,151.14
2026-02-18,61.58,74.9,59,52,131.53
2026-02-19,61.34,73.89,67,47,132.14
2026-02-20,73.51,68.79,96,46,137.23
2026-02-21,80.03,74.05,51,52,141.69
2026-02-22,92.96,77.63,98,49,159.13
2026-02-23,82.06,72.2,57,53,146.2
2026-02-24,72.57,75.24,71,45,140.62
2026-02-25,64.74,76.55,71,54,140.35
2026-02-26,87.3,71.27,75,47,148.13
2026-02-27,65.35,72.65,75,49,135.17
2026-02-28,91.28,70.95,58,46,146.77
2026-03-01,72.16,71.53,70,47,137.87
2026-03-02,90.91,70.14,80,48,155.22
2026-03-03,81.79,71.3,92,48,151.78
2026-03-04,73.63,78.26,55,53,146.17
2026-03-05,69.81,71.25,63,45,134.57
2026-03-06,71.59,74.38,82,53,146.2
2026-03-07,79.28,72.49,56,53,145.74
2026-03-08,75.77,77.54,73,50,147.67
2026-03-09,69.06,77.93,58,45,138.58
2026-03-10,73.34,76.59,60,50,141.13
2026-03-11,75.79,74.92,72,52,144.43
2026-03-12,53.71,73.31,97,49,134.56
2026-03-13,79.58,70.42,51,49,133.56
2026-03-14,65.2,79.83,64,45,138.23
2026-03-15,63.47,71.72,84,45,134.27
2026-03-16,58.13,75.99,85,52,140.43
2026-03-17,57.06,77.18,77,49,138.33
2026-03-18,61.45,72.33,88,52,143.48
2026-03-19,67.91,77.11,93,54,149.2
2026-03-20,94.53,76.29,53,46,151.66
2026-03-21,69.74,79.18,59,48,139.86
2026-03-22,76.78,72.59,55,54,140.04
2026-03-23,79.0,70.14,79,53,147.65
2026-03-24,76.31,72.48,95,47,146.22
2026-03-25,74.23,74.63,84,50,146.89
2026-03-26,63.05,74.17,98,51,142.31
2026-03-27,89.51,72.82,92,47,153.95
2026-03-28,93.07,68.27,59,45,145.2
2026-03-29,58.17,75.41,81,46,135.28
2026-03-30,64.76,79.92,91,54,149.87
2026-03-31,72.2,75.39,91,51,144.87
2026-04-01,65.35,75.83,52,51,136.95
2026-04-02,80.06,75.72,75,45,143.53
2026-04-03,67.72,75.19,64,54,141.99
2026-04-04,96.65,76.79,66,51,158.77
2026-04-05,86.91,75.19,76,54,154.34
2026-04-06,77.13,73.06,67,50,143.05
2026-04-07,85.27,71.61,68,50,147.33
2026-04-08,86.06,73.25,61,51,150.12
2026-04-09,69.36,74.94,73,51,143.68
2026-04-10,66.84,73.05,54,45,133.61
2026-04-11,75.78,74.94,73,54,144.33
2026-04-12,83.62,75.32,76,49,151.28
2026-04-13,76.39,76.5,97,52,147.64
2026-04-14,59.23,77.85,79,52,135.36
2026-04-15,66.97,74.23,64,47,138.12
2026-04-16,74.26,70.08,96,47,140.42
2026-04-17,74.24,72.96,87,51,145.46
2026-04-18,94.73,74.13,93,48,161.55
2026-04-19,61.14,68.49,83,50,134.25
2026-04-20,80.06,78.17,76,53,153.01
2026-04-21,89.89,74.43,69,54,154.17
2026-04-22,97.71,75.14,90,46,160.0
2026-04-23,70.96,78.1,81,46,143.0
2026-04-24,79.91,72.11,53,50,140.28
2026-04-25,80.7,75.72,54,47,143.47
2026-04-26,76.95,73.67,57,45,139.47
2026-04-27,74.01,73.45,71,46,140.05
2026-04-28,79.36,71.68,91,51,144.19
2026-04-29,49.68,79.0,56,48,131.33
2026-04-30,81.82,72.87,71,46,146.47
2026-05-01,76.26,76.1,95,52,151.23
2026-05-02,72.78,68.37,79,48,140.1
2026-05-03,95.47,77.54,86,48,159.8
2026-05-04,68.25,77.16,65,46,139.31
2026-05-05,70.97,74.29,64,45,133.47
2026-05-06,94.92,73.32,54,45,149.42
2026-05-07,66.68,75.2,52,47,133.5
2026-05-08,69.5,80.87,72,50,146.23
2026-05-09,73.53,68.71,59,51,139.81
2026-05-10,83.41,76.35,54,53,148.39
2026-05-11,77.08,71.27,72,49,141.24
2026-05-12,62.07,73.94,64,53,134.8
2026-05-13,69.68,73.26,67,52,136.98
2026-05-14,68.93,72.72,74,45,137.64
2026-05-15,74.23,73.97,57,47,139.68
2026-05-16,79.26,70.6,80,52,146.16
2026-05-17,79.18,77.09,70,53,151.52
2026-05-18,57.24,68.62,51,48,125.3
2026-05-19,85.64,75.62,71,50,151.22
2026-05-20,77.53,73.02,57,48,141.5
2026-05-21,88.85,70.49,72,53,154.94
2026-05-22,79.44,74.61,81,46,144.91
2026-05-23,86.01,69.33,57,50,145.02
2026-05-24,79.67,74.12,53,47,141.37
2026-05-25,88.46,69.73,79,54,153.75
2026-05-26,80.22,75.38,68,48,144.45
2026-05-27,74.02,71.23,72,46,139.19
2026-05-28,97.72,72.65,67,52,154.79
2026-05-29,83.89,74.88,78,54,149.31
2026-05-30,80.74,71.68,72,52,149.0
2026-05-31,62.24,73.83,82,45,134.43
2026-06-01,62.12,69.46,96,54,137.35
2026-06-02,77.93,75.89,67,50,144.72
2026-06-03,76.46,79.29,93,45,154.06
2026-06-04,68.86,82.38,82,50,151.24
2026-06-05,76.41,74.27,56,51,141.53
2026-06-06,90.89,76.36,77,46,155.75
2026-06-07,81.95,68.66,50,53,138.45
2026-06-08,63.59,78.51,88,52,145.61
2026-06-09,73.88,76.33,83,53,147.63
2026-06-10,66.95,72.55,88,54,143.68
2026-06-11,71.12,77.71,68,48,139.7
2026-06-12,70.86,73.24,80,48,139.92
2026-06-13,70.22,72.63,62,52,139.0
2026-06-14,62.45,75.43,73,45,135.25
2026-06-15,73.72,70.81,54,52,134.76
2026-06-16,69.39,77.06,72,51,141.24
2026-06-17,45.71,70.83,68,51,124.04
2026-06-18,95.53,70.85,50,53,151.11
2026-06-19,85.89,71.27,82,54,153.26
2026-06-20,71.24,76.28,99,51,149.45
2026-06-21,75.19,72.15,82,46,140.13
2026-06-22,63.28,69.96,81,45,131.93
2026-06-23,91.96,72.18,77,45,151.88
2026-06-24,93.97,73.9,86,51,156.2
2026-06-25,76.57,70.46,90,49,142.55
2026-06-26,85.24,70.54,61,48,143.17
2026-06-27,76.75,80.33,58,49,146.96
2026-06-28,61.63,71.42,99,54,137.23
2026-06-29,70.88,73.03,60,54,139.47
2026-06-30,76.32,72.9,82,50,146.55
2026-07-01,70.45,72.74,68,54,142.49
2026-07-02,72.81,75.86,91,50,145.57
2026-07-03,74.09,76.84,83,45,145.77
2026-07-04,74.19,73.08,56,46,139.17
2026-07-05,75.52,70.29,80,47,142.26
2026-07-06,64.39,77.82,51,48,134.27
2026-07-07,67.83,73.71,68,50,133.5
2026-07-08,62.15,79.19,87,53,144.96
2026-07-09,84.78,67.26,81,46,147.03
2026-07-10,53.94,74.59,59,52,131.48
2026-07-11,86.54,79.76,90,53,161.74
2026-07-12,88.86,72.94,57,46,146.41
2026-07-13,71.98,73.32,75,53,145.14
2026-07-14,48.97,74.89,79,51,131.2
2026-07-15,71.39,72.32,60,53,135.7
2026-07-16,74.36,73.06,90,50,147.85
2026-07-17,64.89,72.99,69,46,132.4
2026-07-18,69.85,72.12,69,52,139.54
2026-07-19,90.3,77.69,58,54,156.41
2026-07-20,81.65,75.38,57,53,145.7
2026-07-21,65.75,74.75,64,52,136.08
2026-07-22,59.02,76.43,83,46,137.11
2026-07-23,71.73,73.21,73,52,139.98
2026-07-24,72.87,71.68,82,47,140.58
2026-07-25,79.96,72.19,90,47,149.49
2026-07-26,69.65,74.01,90,53,148.75
2026-07-27,80.11,70.82,94,53,146.46
2026-07-28,94.35,72.5,89,53,158.47
2026-07-29,83.16,72.45,76,48,149.59
2026-07-30,74.52,80.37,70,51,147.71
2026-07-31,73.17,65.68,54,52,134.83
2026-08-01,71.43,73.46,84,49,144.66
2026-08-02,86.81,79.18,70,45,150.7
2026-08-03,68.73,74.37,53,53,138.69
2026-08-04,75.45,76.26,98,50,151.86
2026-08-05,75.51,74.3,97,47,149.47
2026-08-06,69.98,72.0,65,47,132.84
2026-08-07,61.28,67.27,80,54,136.17
2026-08-08,78.23,74.62,75,45,145.5
2026-08-09,74.39,71.67,84,52,142.51
2026-08-10,80.0,71.6,55,46,139.03
2026-08-11,69.66,72.5,82,45,140.38
2026-08-12,87.21,79.23,70,51,153.06
2026-08-13,66.23,81.21,65,53,142.36
2026-08-14,92.12,74.65,96,50,159.23
2026-08-15,57.52,72.61,88,52,135.33
2026-08-16,79.35,70.47,83,52,147.09
2026-08-17,79.75,75.41,91,53,154.52
2026-08-18,67.04,79.35,64,51,142.55
2026-08-19,79.24,73.26,55,53,143.63
2026-08-20,87.8,66.86,51,53,144.52
2026-08-21,52.83,76.01,73,45,129.4
2026-08-22,80.03,76.96,98,50,152.69
2026-08-23,50.07,69.24,77,52,129.14
2026-08-24,65.34,74.53,50,54,130.99
2026-08-25,91.29,75.35,50,53,151.69
2026-08-26,69.18,73.78,77,48,139.21
2026-08-27,63.26,71.63,85,46,133.41
2026-08-28,73.02,77.05,69,53,146.35
2026-08-29,95.68,72.79,97,53,162.46
2026-08-30,56.68,69.54,57,52,125.39
2026-08-31,64.49,67.85,50,47,123.68
2026-09-01,89.97,77.78,75,49,153.1
2026-09-02,93.58,75.85,92,46,161.85
2026-09-03,73.97,74.26,98,47,150.74
2026-09-04,62.61,72.68,74,45,133.07
2026-09-05,95.96,72.41,59,48,148.56
2026-09-06,90.94,70.77,61,49,147.59
2026-09-07,81.79,72.71,90,46,143.84
2026-09-08,66.88,67.64,56,47,129.57
2026-09-09,74.51,71.79,61,50,137.35
2026-09-10,73.4,73.07,96,50,144.27
2026-09-11,78.31,75.83,89,51,152.9
2026-09-12,89.51,73.88,66,53,152.2
2026-09-13,83.79,76.38,54,48,147.92
2026-09-14,64.23,78.05,63,49,140.49
2026-09-15,88.76,77.17,83,46,154.42
2026-09-16,78.13,75.41,97,50,151.6
2026-09-17,81.87,74.04,66,48,147.67
2026-09-18,89.67,71.06,84,49,150.87
2026-09-19,63.88,76.22,50,51,137.12
2026-09-20,74.64,79.04,99,50,148.77
2026-09-21,69.69,75.03,99,52,146.92
2026-09-22,59.32,79.75,85,50,141.77
2026-09-23,78.47,69.42,64,54,140.01
2026-09-24,100.12,70.54,68,52,156.84
2026-09-25,56.6,76.57,91,48,137.76
2026-09-26,74.68,74.79,54,51,139.48
2026-09-27,81.41,77.94,68,47,146.76
2026-09-28,76.23,73.95,92,45,144.06
2026-09-29,73.87,71.4,88,53,142.41
2026-09-30,62.01,73.36,54,53,136.41
2026-10-01,77.33,69.4,61,50,138.7
2026-10-02,67.43,70.61,68,46,130.84
2026-10-03,53.1,76.92,96,52,138.35
2026-10-04,86.95,76.62,61,54,153.14
2026-10-05,84.58,75.09,85,50,151.19
2026-10-06,75.52,68.84,61,51,137.35
2026-10-07,77.29,72.92,67,45,143.22
2026-10-08,85.74,70.33,98,47,148.47
2026-10-09,77.24,77.53,97,45,149.11
2026-10-10,84.04,72.25,92,54,149.61
2026-10-11,72.03,70.74,83,45,142.56
2026-10-12,88.12,74.09,97,45,155.36
2026-10-13,78.21,72.08,82,48,144.89
2026-10-14,76.94,78.45,98,51,152.59
2026-10-15,62.3,71.8,67,51,132.18
2026-10-16,77.87,69.8,78,49,142.13
2026-10-17,66.68,67.54,94,50,138.83
2026-10-18,68.62,73.91,54,46,131.97
2026-10-19,66.85,72.31,74,49,136.33
2026-10-20,64.34,69.71,73,51,136.19
2026-10-21,96.25,77.57,78,53,165.12
2026-10-22,88.31,76.0,87,50,157.28
2026-10-23,94.2,73.92,82,54,157.73
2026-10-24,62.77,78.09,59,48,135.63
2026-10-25,75.71,75.99,86,47,147.74
2026-10-26,62.06,71.53,82,53,136.78
2026-10-27,68.04,70.88,72,51,138.86
2026-10-28,65.82,76.45,60,50,136.19
2026-10-29,87.4,75.19,73,51,155.92
2026-10-30,71.04,74.51,73,52,142.65
2026-10-31,85.68,71.46,56,49,143.02
2026-11-01,81.04,75.82,99,47,153.77
2026-11-02,98.04,71.73,70,47,151.75
2026-11-03,60.21,73.69,69,46,132.17
2026-11-04,87.59,78.34,59,52,155.83
2026-11-05,86.46,72.02,74,45,144.36
2026-11-06,65.27,69.28,96,52,142.17
2026-11-07,85.07,70.84,85,47,145.63
2026-11-08,78.36,76.98,97,53,156.14
2026-11-09,72.73,74.76,96,46,143.75
2026-11-10,66.76,73.61,64,54,141.13
2026-11-11,67.81,72.47,93,53,142.61
2026-11-12,95.5,75.46,89,50,159.75
2026-11-13,75.01,71.45,89,45,140.59
2026-11-14,82.82,74.92,99,49,149.1
2026-11-15,67.09,71.81,55,54,133.41
2026-11-16,67.2,71.31,86,53,137.7
2026-11-17,85.82,72.09,51,50,140.28
2026-11-18,61.5,72.87,61,51,133.49
2026-11-19,70.85,73.85,53,48,139.24
2026-11-20,75.34,74.71,72,45,145.46
2026-11-21,76.11,62.93,62,49,130.59
2026-11-22,73.21,71.58,66,46,137.17
2026-11-23,78.96,72.83,80,52,149.96
2026-11-24,81.93,78.52,65,48,146.35
2026-11-25,82.35,70.76,90,45,148.92
2026-11-26,65.14,74.49,75,54,143.12
2026-11-27,72.16,78.49,77,51,143.09
2026-11-28,86.95,70.06,50,46,136.51
2026-11-29,83.95,75.18,96,47,152.41
2026-11-30,61.27,71.59,61,53,134.61
2026-12-01,78.51,72.49,86,53,145.76
2026-12-02,55.22,71.59,99,46,129.13
2026-12-03,75.47,71.8,69,47,140.15
2026-12-04,93.98,82.17,51,53,160.08
2026-12-05,65.52,76.53,85,45,138.68
2026-12-06,66.66,77.31,64,46,136.44
2026-12-07,82.64,75.48,87,46,151.62
2026-12-08,59.57,69.18,71,54,130.55
2026-12-09,68.67,75.18,93,47,141.86
2026-12-10,80.96,77.22,99,54,157.71
2026-12-11,68.66,71.44,81,47,138.82
2026-12-12,72.64,76.9,69,54,145.45
2026-12-13,82.44,76.11,85,46,153.32
2026-12-14,79.22,79.56,82,52,155.07
2026-12-15,77.67,72.75,64,52,142.9
2026-12-16,71.61,70.71,99,52,142.75
2026-12-17,78.7,72.92,95,46,149.54
2026-12-18,73.76,78.31,52,53,145.86
2026-12-19,79.58,68.51,78,51,143.46
2026-12-20,70.03,67.79,96,49,140.51
2026-12-21,73.17,74.27,76,51,145.42
2026-12-22,65.1,72.67,54,52,137.2
2026-12-23,74.65,74.02,80,53,148.28
2026-12-24,66.89,76.84,71,46,139.69
2026-12-25,63.86,72.34,84,50,139.85
2026-12-26,77.59,68.38,56,53,141.26
2026-12-27,77.13,80.13,55,50,146.92
2026-12-28,82.83,71.01,75,46,146.34
2026-12-29,70.69,70.82,50,45,130.22
2026-12-30,79.08,77.31,68,47,148.47
2026-12-31,80.51,72.85,56,49,140.95
2027-01-01,79.45,73.81,85,51,147.2
2027-01-02,66.74,75.45,61,54,139.35
2027-01-03,76.49,77.25,69,54,145.81
2027-01-04,78.64,73.0,72,47,142.29
2027-01-05,75.07,78.56,74,53,149.95
2027-01-06,54.14,67.59,79,54,129.91
2027-01-07,76.6,76.28,78,48,147.87
2027-01-08,97.13,71.48,80,54,159.77
2027-01-09,71.4,78.12,67,46,142.48
2027-01-10,67.72,74.43,90,47,139.97
2027-01-11,78.73,71.98,68,49,144.77
2027-01-12,78.12,75.99,53,47,141.55
2027-01-13,86.93,76.68,50,49,148.48
2027-01-14,62.42,75.93,90,48,140.4
2027-01-15,82.31,70.91,64,54,149.07
2027-01-16,80.9,72.55,57,47,139.09
2027-01-17,73.58,73.99,64,50,140.45
2027-01-18,78.39,73.88,64,52,146.0
2027-01-19,85.29,76.25,99,48,156.02
2027-01-20,83.72,67.96,88,53,147.73
2027-01-21,63.57,75.0,71,50,133.51
2027-01-22,83.2,73.13,67,49,145.75
2027-01-23,74.35,71.48,65,47,139.02
2027-01-24,75.73,71.77,51,49,138.64
2027-01-25,75.73,73.36,85,49,145.29
2027-01-26,73.5,63.2,69,48,132.81
2027-01-27,86.92,71.9,65,50,145.38
2027-01-28,74.16,71.37,52,47,136.27
2027-01-29,63.8,75.6,79,54,141.58
2027-01-30,71.06,71.58,51,45,132.94
2027-01-31,76.79,73.35,84,51,146.62
2027-02-01,87.29,78.63,75,51,156.2
2027-02-02,81.03,76.98,54,48,146.27
2027-02-03,66.49,76.71,51,53,138.47
2027-02-04,99.85,72.5,69,46,151.07
2027-02-05,77.65,75.63,83,45,146.74
2027-02-06,87.75,73.3,83,47,150.62
2027-02-07,73.48,73.41,69,51,140.7
2027-02-08,80.33,75.23,99,53,157.38
2027-02-09,83.39,72.21,74,46,143.74
2027-02-10,87.18,78.48,69,50,152.25
2027-02-11,85.57,73.52,74,47,143.98
2027-02-12,83.72,75.86,63,49,150.9
2027-02-13,71.85,78.37,96,53,153.29
2027-02-14,69.28,77.09,93,47,144.68
2027-02-15,78.33,69.77,92,45,144.94
2027-02-16,84.33,75.33,92,49,149.32
2027-02-17,72.77,76.55,88,45,145.96
2027-02-18,85.65,76.68,61,52,149.22
2027-02-19,89.53,70.66,97,51,158.49
2027-02-20,65.84,72.03,54,46,131.66
2027-02-21,66.63,76.98,51,53,138.53
2027-02-22,73.6,71.71,65,49,137.39
2027-02-23,78.08,73.1,79,51,145.0
2027-02-24,69.75,78.73,96,48,149.22
2027-02-25,88.52,73.86,92,45,151.44
2027-02-26,79.24,71.82,87,52,146.66
2027-02-27,75.39,71.37,94,45,146.44
2027-02-28,60.64,75.0,91,47,138.66
2027-03-01,61.84,70.0,73,50,130.51
2027-03-02,77.81,73.26,79,52,148.2
2027-03-03,53.67,75.0,86,52,134.85
2027-03-04,85.13,77.9,88,46,150.46
2027-03-05,73.42,76.0,60,53,142.36
2027-03-06,107.43,71.86,63,48,156.45
2027-03-07,98.08,77.54,72,48,159.79
2027-03-08,73.19,73.1,65,46,137.08
2027-03-09,73.94,70.29,99,45,143.08
2027-03-10,84.96,73.48,70,54,152.09
2027-03-11,92.03,78.31,53,51,158.69
2027-03-12,58.62,74.5,82,54,142.13
2027-03-13,57.14,74.04,96,47,136.66
2027-03-14,68.78,78.91,63,48,140.89
2027-03-15,80.83,69.71,68,53,143.17
2027-03-16,79.97,70.14,54,50,136.61
2027-03-17,85.7,69.15,85,45,141.67
2027-03-18,63.0,75.12,80,53,138.71
2027-03-19,51.84,74.5,94,53,139.28
2027-03-20,83.58,78.63,67,49,154.16
2027-03-21,66.72,74.73,93,52,144.56
2027-03-22,54.82,72.79,80,51,133.55
2027-03-23,76.45,74.01,79,52,145.67
2027-03-24,82.93,74.35,70,53,149.68
2027-03-25,73.78,68.98,96,46,140.1
2027-03-26,70.42,82.13,79,54,149.2
2027-03-27,73.41,75.56,90,49,148.22
2027-03-28,71.29,74.63,53,52,137.87
2027-03-29,61.52,75.85,54,47,132.87
2027-03-30,67.85,76.13,90,50,144.32
2027-03-31,80.21,73.58,94,50,153.63
2027-04-01,78.22,72.11,59,51,143.02
2027-04-02,76.68,75.8,76,47,145.84
2027-04-03,65.05,75.16,65,52,135.29
2027-04-04,73.18,71.57,79,52,141.99
2027-04-05,53.23,78.26,62,53,133.34
2027-04-06,76.78,74.88,85,52,149.08
2027-04-07,89.29,76.19,70,47,153.35
2027-04-08,60.26,78.18,94,50,142.91
2027-04-09,69.14,74.07,89,53,142.97
2027-04-10,78.29,74.95,94,45,149.42
2027-04-11,87.53,76.43,64,47,149.04
2027-04-12,70.52,71.83,69,46,135.28
2027-04-13,68.08,74.16,69,52,137.77
2027-04-14,55.31,74.38,94,50,135.79
2027-04-15,76.03,71.13,54,54,139.21
2027-04-16,95.42,80.95,81,52,166.54
2027-04-17,77.77,69.78,55,46,135.95
2027-04-18,74.78,70.11,79,50,142.82
2027-04-19,78.22,77.94,75,51,146.18
2027-04-20,74.89,76.14,86,52,150.53
2027-04-21,66.87,70.92,62,53,137.04
2027-04-22,83.23,75.82,78,49,147.79
2027-04-23,77.26,78.4,54,47,141.63
2027-04-24,75.18,73.91,74,46,140.71
2027-04-25,65.25,81.8,62,52,142.58
2027-04-26,88.04,68.83,73,45,143.57
2027-04-27,81.65,76.08,80,54,152.36
2027-04-28,69.47,77.5,69,50,143.79
2027-04-29,85.02,76.67,57,46,145.63
2027-04-30,70.02,73.39,58,47,136.42
2027-05-01,67.18,73.13,70,52,139.16
2027-05-02,67.4,75.33,69,45,131.09
2027-05-03,57.29,76.45,64,50,131.72
2027-05-04,79.72,75.81,75,47,148.95
2027-05-05,56.69,77.12,91,50,137.12
2027-05-06,62.72,70.94,60,47,127.74
2027-05-07,54.24,73.32,86,52,136.47
2027-05-08,74.14,71.18,90,49,144.23
2027-05-09,73.5,72.84,60,48,141.29
2027-05-10,71.73,77.05,76,53,145.45
2027-05-11,64.57,74.32,79,49,140.91
2027-05-12,63.28,81.82,68,48,139.25
2027-05-13,79.64,74.58,83,52,144.91
2027-05-14,69.49,74.18,87,52,145.79
2027-05-15,78.16,74.32,72,52,147.9
2027-05-16,66.15,72.09,50,48,132.7
2027-05-17,76.81,73.83,52,45,137.63
2027-05-18,88.03,77.38,52,46,151.06
2027-05-19,80.86,74.34,77,48,149.12
2027-05-20,70.88,71.62,63,54,141.07
2027-05-21,77.57,71.22,79,46,142.57
2027-05-22,72.59,72.65,54,54,136.78
2027-05-23,75.08,74.22,98,47,147.66
2027-05-24,71.74,77.58,64,53,145.13
2027-05-25,73.36,69.98,87,53,147.96
2027-05-26,77.12,73.04,63,53,144.34
2027-05-27,65.07,74.43,63,51,134.59
2027-05-28,64.84,68.5,98,48,138.24
2027-05-29,61.11,71.5,57,45,130.28
2027-05-30,59.0,71.96,57,47,131.28
2027-05-31,62.83,71.61,68,52,134.37
2027-06-01,76.59,74.58,81,48,145.42
2027-06-02,66.07,73.52,80,54,138.64
2027-06-03,80.14,72.33,78,54,147.34
2027-06-04,75.35,75.28,90,46,147.3
2027-06-05,55.31,79.17,60,52,131.48
2027-06-06,81.55,78.92,94,51,160.46
2027-06-07,83.11,68.23,62,54,143.14
2027-06-08,65.06,75.73,76,53,141.56
2027-06-09,79.2,73.47,68,46,143.58
2027-06-10,66.44,74.47,75,49,141.19
2027-06-11,75.98,72.81,86,50,146.56
2027-06-12,62.36,74.35,97,46,137.16
2027-06-13,57.07,74.45,58,46,129.25
2027-06-14,71.17,72.26,77,54,145.17
2027-06-15,73.76,71.31,81,48,139.72
2027-06-16,71.02,72.65,52,52,138.74
2027-06-17,63.16,74.7,81,49,138.87
2027-06-18,71.0,75.8,54,53,140.73
2027-06-19,77.69,76.56,57,48,141.98
2027-06-20,74.55,72.52,63,47,138.4
2027-06-21,76.83,74.85,52,54,144.25
2027-06-22,68.3,76.89,73,52,142.24
2027-06-23,86.72,77.5,62,45,146.97
2027-06-24,63.24,73.82,92,53,139.86
2027-06-25,79.88,73.34,78,48,146.76
2027-06-26,86.82,74.57,57,53,150.63
2027-06-27,79.81,70.55,91,52,148.39
2027-06-28,72.97,73.42,80,47,145.65
2027-06-29,69.72,76.23,75,47,137.92
2027-06-30,85.36,75.93,67,53,152.62
2027-07-01,60.77,73.19,67,47,128.23
2027-07-02,65.3,74.65,56,48,133.89
2027-07-03,71.02,71.53,97,53,146.24
2027-07-04,87.38,76.11,87,48,154.36
2027-07-05,78.8,73.77,97,47,145.29
2027-07-06,65.32,73.17,65,51,136.04
2027-07-07,71.9,72.91,82,50,142.88
2027-07-08,68.86,73.81,52,45,135.06
2027-07-09,67.9,72.66,87,54,140.41
2027-07-10,84.79,75.97,53,52,151.13
2027-07-11,61.28,72.81,85,45,129.49
2027-07-12,91.09,78.78,53,48,149.68
2027-07-13,83.28,78.4,91,50,156.24
2027-07-14,85.91,71.33,58,50,145.83
2027-07-15,70.37,74.21,89,51,147.91
2027-07-16,73.5,72.05,66,49,139.83
2027-07-17,60.67,73.02,66,49,132.31
2027-07-18,69.75,80.01,82,48,147.15
2027-07-19,79.94,73.08,69,50,140.54
2027-07-20,87.96,75.08,63,51,148.93
2027-07-21,63.93,75.62,71,54,137.71
2027-07-22,71.34,71.0,76,54,143.71
2027-07-23,73.49,71.43,92,45,144.74
2027-07-24,61.04,70.38,52,53,133.56
2027-07-25,80.91,71.34,73,52,147.36
2027-07-26,67.76,65.45,79,51,136.1
2027-07-27,73.05,75.63,57,53,142.42
2027-07-28,70.48,80.16,71,47,143.12
2027-07-29,67.11,74.44,74,54,139.46
2027-07-30,74.93,69.75,59,48,134.22
2027-07-31,72.84,72.07,98,51,143.72
2027-08-01,71.28,72.62,78,50,142.93
2027-08-02,67.72,70.95,89,46,137.37
2027-08-03,78.2,76.58,50,46,139.73
2027-08-04,91.54,76.43,70,54,153.01
2027-08-05,76.4,70.53,88,51,143.54
2027-08-06,84.96,76.18,73,53,152.44
2027-08-07,61.1,78.58,58,53,134.55
2027-08-08,76.58,79.71,93,51,159.13
2027-08-09,64.03,82.6,75,52,142.81
2027-08-10,60.23,71.29,58,54,134.08
2027-08-11,67.61,82.47,69,47,143.6
2027-08-12,86.92,72.94,84,45,148.67
2027-08-13,84.5,72.22,85,51,150.48
2027-08-14,77.43,74.98,91,52,150.67
2027-08-15,59.67,72.25,85,46,134.06
2027-08-16,73.04,75.2,58,53,140.12
2027-08-17,78.02,70.04,71,48,142.16
2027-08-18,76.76,73.28,50,54,141.12
2027-08-19,56.56,77.86,54,53,130.86
2027-08-20,66.1,73.83,58,47,132.97
2027-08-21,74.36,74.42,86,52,150.19
2027-08-22,80.36,75.43,87,46,149.4
2027-08-23,53.04,77.51,68,47,130.94
2027-08-24,73.38,69.03,57,45,132.36
2027-08-25,76.43,75.75,91,49,148.52
2027-08-26,83.5,73.2,92,48,151.49
2027-08-27,81.93,74.5,81,45,146.93
2027-08-28,80.83,77.18,62,54,150.55
2027-08-29,67.0,70.42,69,53,137.48
2027-08-30,55.92,70.96,85,50,129.94
2027-08-31,71.07,68.19,92,50,141.65
2027-09-01,85.02,72.35,93,46,148.58
2027-09-02,88.93,77.99,86,51,156.46
2027-09-03,82.11,73.64,79,53,150.42
2027-09-04,79.29,69.98,59,50,140.88
2027-09-05,78.8,72.54,80,52,148.54
2027-09-06,69.44,69.54,74,49,132.28
2027-09-07,73.7,70.62,78,46,140.9
2027-09-08,91.69,75.17,73,48,154.57
2027-09-09,65.57,70.48,88,45,134.38
2027-09-10,91.15,77.34,70,45,152.59
2027-09-11,71.78,73.79,90,50,145.49
2027-09-12,88.25,74.26,58,46,139.98
2027-09-13,60.93,73.16,91,50,135.79
2027-09-14,80.86,76.32,91,45,152.59
2027-09-15,67.63,76.35,51,54,137.65
2027-09-16,60.85,75.01,53,47,130.44
2027-09-17,77.19,75.69,57,53,144.53
2027-09-18,85.09,73.36,81,46,150.38
2027-09-19,66.55,75.63,63,52,138.22
2027-09-20,60.01,72.99,98,50,138.35
2027-09-21,74.08,74.01,62,50,141.44
2027-09-22,74.13,73.18,70,51,144.21
2027-09-23,80.48,72.63,73,49,147.82
2027-09-24,84.5,71.93,99,48,151.41
2027-09-25,74.41,75.4,67,50,142.38
2027-09-26,93.56,77.93,94,52,162.99
2027-09-27,77.24,77.51,89,48,152.83
2027-09-28,71.54,70.23,75,49,140.16
2027-09-29,58.88,77.87,81,51,138.37
2027-09-30,72.37,73.05,93,50,142.23
2027-10-01,71.64,75.8,82,48,146.24
2027-10-02,84.6,71.28,80,48,150.23
2027-10-03,79.62,74.43,67,54,145.49
2027-10-04,63.21,74.94,84,48,137.79
2027-10-05,76.72,69.55,61,45,138.12
2027-10-06,81.72,75.82,74,49,149.76
2027-10-07,90.28,78.04,94,52,157.41
2027-10-08,83.88,73.48,80,51,148.35
2027-10-09,82.61,78.08,59,49,149.49
2027-10-10,75.6,73.43,96,47,147.3
2027-10-11,78.88,76.55,83,45,149.0
2027-10-12,87.5,67.34,52,51,143.83
2027-10-13,61.67,81.26,95,47,144.99
2027-10-14,71.51,78.49,88,48,148.13
2027-10-15,67.27,73.15,57,49,133.64
2027-10-16,78.79,68.08,81,52,144.17
2027-10-17,87.3,74.86,92,51,156.8
2027-10-18,69.03,69.67,78,53,142.66
2027-10-19,51.1,75.33,71,47,126.98
2027-10-20,70.88,75.23,69,54,144.96
2027-10-21,84.13,71.18,55,45,140.69
2027-10-22,80.38,77.36,92,45,152.51
2027-10-23,79.28,76.42,98,54,155.06
2027-10-24,72.2,76.93,78,45,145.32
2027-10-25,62.21,74.03,91,46,136.26
2027-10-26,80.15,69.75,66,46,140.38
2027-10-27,66.66,76.93,80,51,143.92
2027-10-28,96.84,73.19,83,53,158.39
2027-10-29,80.71,69.83,87,52,148.3
2027-10-30,69.19,78.06,86,48,147.17
2027-10-31,68.89,80.3,53,46,139.04
2027-11-01,74.07,73.88,51,47,138.74
2027-11-02,72.6,80.48,61,54,145.8
2027-11-03,86.17,74.27,84,49,150.23
2027-11-04,76.86,72.86,55,53,143.3
2027-11-05,67.68,72.11,95,52,142.18
2027-11-06,93.9,78.91,57,47,151.02
2027-11-07,75.49,71.66,70,53,141.6
2027-11-08,82.69,76.21,95,54,159.27
2027-11-09,68.92,72.32,84,47,141.63
2027-11-10,78.63,72.62,97,54,149.43
2027-11-11,78.11,77.09,64,52,144.42
2027-11-12,56.1,72.86,56,45,124.83
2027-11-13,95.15,72.79,64,48,154.2
2027-11-14,87.91,77.4,94,48,157.07
2027-11-15,71.03,78.79,55,50,141.28
2027-11-16,63.98,75.93,96,46,140.11
2027-11-17,78.48,72.04,66,51,142.87
2027-11-18,75.87,72.47,53,49,140.29
2027-11-19,78.56,74.24,71,54,147.9
2027-11-20,76.92,74.96,81,50,146.92
2027-11-21,80.06,71.04,71,50,145.37
2027-11-22,89.47,76.17,76,50,154.96
2027-11-23,80.68,74.26,95,54,155.71
2027-11-24,64.5,68.85,64,52,131.22
2027-11-25,88.63,71.21,93,54,156.29
2027-11-26,91.41,72.49,71,48,152.81
2027-11-27,106.52,73.78,77,54,168.44
2027-11-28,63.77,79.67,91,52,144.01
2027-11-29,77.43,74.71,87,53,149.78
2027-11-30,54.18,71.48,58,48,122.66
2027-12-01,80.53,74.66,83,45,145.21
2027-12-02,69.52,72.94,85,47,140.6
2027-12-03,94.23,74.97,58,45,146.57
2027-12-04,67.25,75.74,64,51,140.08
2027-12-05,58.11,77.63,94,45,139.38
2027-12-06,70.29,73.93,69,48,138.96
2027-12-07,55.25,78.92,57,45,128.5
2027-12-08,82.51,76.72,77,46,148.8
2027-12-09,54.35,71.88,68,45,130.44
2027-12-10,75.28,80.63,65,49,146.13
2027-12-11,54.22,74.98,60,51,128.44
2027-12-12,71.8,71.49,91,47,137.35
2027-12-13,91.43,78.96,57,52,157.52
2027-12-14,78.61,80.23,82,49,149.77
